pert_id	pert_iname	n_target_genes	n_protective_genes	n_strong_protective_genes	n_opposing_genes	mean_protective_push_z	median_protective_push_z	summed_weighted_push	total_weight	min_n_signatures	total_gene_signatures	weighted_mean_protective_push_z	fraction_genes_protective
BRD-K04623885	BIBR-1532	13	10	6	3	0.7109644550543565	0.4578827023506164	75.38641340777492	122.69809676726929	1	13	0.6144057275050159	0.7692307692307693
BRD-K41895714	AS-605240	13	6	5	7	-0.1409686138996711	-0.156458705663681	26.495127761297233	122.69809676726929	1	13	0.21593756104915413	0.46153846153846156
BRD-K67566344	KU-0063794	13	6	5	7	-0.4465922713279724	-1.3275500535964966	-26.92215838280004	122.69809676726929	1	13	-0.21941789719742208	0.46153846153846156
BRD-A77216878	manumycin-a	13	6	5	7	-0.3297923161433293	-0.833899974822998	-58.52203958751586	122.69809676726929	1	13	-0.4769596361263779	0.46153846153846156
BRD-K60623809	SU-11652	13	6	5	7	-1.0395000003851378	-1.0885000228881836	-68.53758405866996	122.69809676726929	1	13	-0.5585871815817188	0.46153846153846156
BRD-K09635314	m-3M3FBS	13	5	5	8	-0.9621984316752508	-1.6820194721221924	-174.8995000819436	122.69809676726929	1	13	-1.4254459090240708	0.38461538461538464
BRD-A35588707	teniposide	13	7	4	6	0.24283075447265917	0.0951499938964843	34.9293760610674	122.69809676726929	1	13	0.2846774072406402	0.5384615384615384
BRD-A13122391	triptolide	13	9	4	4	0.3720554709434509	0.3265275955200195	15.252101982229025	122.69809676726929	1	13	0.12430593777798228	0.6923076923076923
BRD-K15409150	penfluridol	13	8	4	5	0.2658846229314804	0.5813000202178955	12.061832461219149	122.69809676726929	1	13	0.09830496787654118	0.6153846153846154
BRD-K36927236	glibenclamide	13	6	4	7	0.16582306646383727	-0.0975999981164932	-3.791037449259118	122.69809676726929	1	13	-0.030897279983485515	0.46153846153846156
BRD-K18190982	COT-10b	13	8	4	5	-0.02409612444730906	0.1953999996185302	-29.55244435858533	122.69809676726929	1	13	-0.24085495323240158	0.6153846153846154
BRD-K78959463	FPL-64176	13	6	4	7	-0.3862346273202164	-0.6927499771118164	-33.39788934063506	122.69809676726929	1	13	-0.2721956592691356	0.46153846153846156
BRD-K43620258	CHEMBL-399379	13	8	4	5	-0.007903860165522615	0.621399998664856	-33.418661725515655	122.69809676726929	1	13	-0.2723649559854489	0.6153846153846154
BRD-K74402642	NSC-632839	13	6	4	7	0.023857698990748497	-0.2630499899387359	-39.14664210085244	122.69809676726929	1	13	-0.3190484867512234	0.46153846153846156
BRD-K17140735	SCH-79797	13	5	4	8	-0.3631153910492475	-1.0499999523162842	-49.17292467999768	122.69809676726929	1	13	-0.4007635487066084	0.38461538461538464
BRD-K74148702	curcumin	13	4	4	9	-0.3346050215455202	-0.5236063003540039	-50.40076988429131	122.69809676726929	1	13	-0.4107705923091068	0.3076923076923077
BRD-K01877528	TL-HRAS-61	13	5	4	8	-0.399734612267751	-0.7698500156402588	-68.13198215479062	122.69809676726929	1	13	-0.5552814913178455	0.38461538461538464
BRD-K25737009	CD-1530	13	6	4	7	-0.8011850806382986	-1.0426146984100342	-69.02685860341178	122.69809676726929	1	13	-0.5625748110367206	0.46153846153846156
BRD-K27316855	calcitriol	13	5	4	8	-1.054261592718271	-1.3458499908447266	-91.53568169206564	122.69809676726929	1	13	-0.7460236475035815	0.38461538461538464
BRD-A36318220	necrostatin-1	13	5	4	8	-0.7328191995620726	-0.8604499101638794	-126.18293362295479	122.69809676726929	1	13	-1.0284017189141528	0.38461538461538464
BRD-K15318909	PRIMA1	13	4	4	9	-1.4551999798187842	-1.8705499172210691	-132.73552649205183	122.69809676726929	1	13	-1.081805912147287	0.3076923076923077
BRD-K06792661	narciclasine	13	4	4	9	-2.474384654599887	-3.543600082397461	-167.3306304068865	122.69809676726929	1	13	-1.3637589727595785	0.3076923076923077
BRD-K79983625	DC-45-A2	13	5	4	8	-1.314669588437447	-0.4434172511100769	-195.22008140437342	122.69809676726929	1	13	-1.5910603876330864	0.38461538461538464
BRD-K71799778	BML-259	13	8	3	5	0.5164653979814969	0.6613500118255615	56.24499303994463	122.69809676726929	1	13	0.4584015116927913	0.6153846153846154
BRD-A76279427	myriocin	13	8	3	5	0.19991830392525747	0.2639336585998535	31.79495058346393	122.69809676726929	1	13	0.25913157107702983	0.6153846153846154
BRD-K60219430	serdemetan	13	9	3	4	0.33945184946060175	0.4266014993190765	29.959215270328613	122.69809676726929	1	13	0.24417017101051297	0.6923076923076923
BRD-K53903639	CHEMBL-1222381	13	8	3	5	0.29230183592209447	0.3914947807788849	28.057860623258637	122.69809676726929	1	13	0.22867396775092683	0.6153846153846154
BRD-K01868942	RS-23597-190	13	7	3	6	0.13645286456896707	0.4767168462276459	26.18588912808239	122.69809676726929	1	13	0.2134172396964815	0.5384615384615384
BRD-K55395145	pemetrexed	13	8	3	5	0.253069227704635	0.0848499983549118	25.721337679991855	122.69809676726929	1	13	0.20963110559717524	0.6153846153846154
BRD-K69932463	AZD-8055	13	7	3	6	0.1532423201088722	0.0071500018239021	24.9669201400487	122.69809676726929	1	13	0.20348253801691263	0.5384615384615384
BRD-K71726959	BRD-K71726959	13	8	3	5	0.3076014934250942	0.4300583004951477	23.85504802763119	122.69809676726929	1	13	0.19442068504843116	0.6153846153846154
BRD-K76205745	losartan	13	7	3	6	0.04802812463962113	0.0161356516182422	21.381138357573185	122.69809676726929	1	13	0.17425810930163324	0.5384615384615384
BRD-K14329163	BAY-K-8644-(S)-(-)	13	6	3	7	0.126761529308099	-0.1427000015974044	19.74342835805604	122.69809676726929	1	13	0.1609106325056116	0.46153846153846156
BRD-K99818283	PIK-90	13	6	3	7	0.05060617797649825	-0.027298480272293	18.737651488884254	122.69809676726929	1	13	0.15271346485859	0.46153846153846156
BRD-A56359832	zileuton	13	8	3	5	0.17100769052138695	0.2311999946832656	18.446167331575733	122.69809676726929	1	13	0.150337844005551	0.6153846153846154
BRD-A73680854	PT-630	13	7	3	6	0.10194614758858314	0.0380499958992004	17.217738639905868	122.69809676726929	1	13	0.14032604493094988	0.5384615384615384
BRD-K10882151	BO2-inhibits-RAD51	13	6	3	7	0.14090384313693416	-0.027999997138977	16.88158184702052	122.69809676726929	1	13	0.1375863382709276	0.46153846153846156
BRD-K16701932	Gly-Gly-PALO	13	5	3	8	0.04789230685967665	-0.1913500130176544	15.477753193181407	122.69809676726929	1	13	0.12614501447841708	0.38461538461538464
BRD-K88544581	CI-976	13	9	3	4	0.22202692008935487	0.1863499879837036	8.514605289826607	122.69809676726929	1	13	0.06939476254449894	0.6923076923076923
BRD-K52836380	AZD-7545	13	5	3	8	0.005380770334830668	-0.3611499965190887	7.739697950747321	122.69809676726929	1	13	0.06307920134594906	0.38461538461538464
BRD-K45446451	JZL-184	13	4	3	9	-0.07240768865897104	-0.1348499953746795	3.8014532503374223	122.69809676726929	1	13	0.03098216965457846	0.3076923076923077
BRD-K59184148	SB-216763	13	5	3	8	-0.020869124394196765	-0.4246129393577575	0.8158220610314189	122.69809676726929	1	13	0.006649019687557582	0.38461538461538464
BRD-K28907958	CD-437	13	6	3	7	0.026665664636171763	-0.3438404500484466	-7.622114702699708	122.69809676726929	1	13	-0.06212088780119505	0.46153846153846156
BRD-A36275421	BRD-A36275421	13	7	3	6	0.15093077604587263	0.1444999873638153	-13.326894743638679	122.69809676726929	1	13	-0.10861533385409232	0.5384615384615384
BRD-A79465854	auranofin	13	5	3	8	-0.1764653600179232	-0.3575000166893005	-23.899993984517323	122.69809676726929	1	13	-0.19478699844750028	0.38461538461538464
BRD-K28296557	AKT-inhibitor-IV	13	6	3	7	-0.11052308288904333	-0.1699499934911728	-25.96411528907587	122.69809676726929	1	13	-0.2116097639095736	0.46153846153846156
BRD-K50128260	sildenafil	13	6	3	7	-0.10555449758584683	-0.049607329070568	-36.872853152974834	122.69809676726929	1	13	-0.3005169120342131	0.46153846153846156
BRD-K78599730	manumycin-a	13	6	3	7	-0.43567307866536653	-0.930299997329712	-38.111970376752254	122.69809676726929	1	13	-0.31061582356116	0.46153846153846156
BRD-K56301217	ABT-737	13	4	3	9	-0.549365378343142	-0.4310999810695648	-45.688091687832454	122.69809676726929	1	13	-0.3723618612804769	0.3076923076923077
BRD-K21672174	Ro-28-1675	13	5	3	8	-0.7470999956130981	-0.7553999423980713	-53.66741744188905	122.69809676726929	1	13	-0.4373940497519214	0.38461538461538464
BRD-K11853856	PJ-34	13	5	3	8	-0.8947291649304904	-0.8853198289871216	-78.52857224313782	122.69809676726929	1	13	-0.6400145911968697	0.38461538461538464
BRD-K36324071	NF-449	13	4	3	9	-1.3890307545661926	-2.29830002784729	-105.93693187394487	122.69809676726929	1	13	-0.8633950702176205	0.3076923076923077
BRD-K82746043	navitoclax	13	3	3	10	-1.516388434630174	-2.1663498878479004	-149.49317652044988	122.69809676726929	1	13	-1.2183821954794036	0.23076923076923078
BRD-K28112517	BRD-K28112517	13	4	3	9	-1.4279961861096895	-2.11644983291626	-172.28721402339013	122.69809676726929	1	13	-1.4041555538565544	0.3076923076923077
BRD-K50776152	BRD-K50776152	13	3	3	10	-1.4529145268293528	-1.1480069160461426	-173.63383246723504	122.69809676726929	1	13	-1.4151306095365064	0.23076923076923078
BRD-K40853697	STAT3-inhibitor-VI	13	4	3	9	-1.2142503490814796	-1.6798607110977173	-173.9269543650546	122.69809676726929	1	13	-1.417519578115013	0.3076923076923077
BRD-K01192156	tyrphostin-AG-112	13	5	3	8	-1.6140595101393187	-1.7700674533843994	-195.00998642478086	122.69809676726929	1	13	-1.5893480955509112	0.38461538461538464
BRD-U94846492	quinine	13	5	3	8	-1.399476943107752	-1.0286500453948977	-196.2561762510007	122.69809676726929	1	13	-1.5995046493936622	0.38461538461538464
BRD-K16554956	PTB1	13	4	3	9	-1.366039182131107	-1.1909267902374268	-200.37769941002938	122.69809676726929	1	13	-1.6330954162239437	0.3076923076923077
BRD-K76188144	BRD-K76188144	13	3	3	10	-3.5172615211743574	-3.864300012588501	-376.9014396338419	122.69809676726929	1	13	-3.0717790215502627	0.23076923076923078
BRD-A84481105	thioridazine	13	7	2	6	0.2584431108373862	0.1132166981697082	41.596219798037666	122.69809676726929	1	13	0.3390127548346275	0.5384615384615384
BRD-K95609758	BMS-191011	13	7	2	6	0.31264164929206556	0.1712426096200943	38.201111065048636	122.69809676726929	1	13	0.3113423278073136	0.5384615384615384
BRD-K89391146	RG-108	13	8	2	5	0.20404042876683753	0.0526348352432251	36.32670739774411	122.69809676726929	1	13	0.2960657773416625	0.6153846153846154
BRD-K00615600	AG-14361	13	9	2	4	0.2852517045461215	0.2158294171094894	35.89336561115084	122.69809676726929	1	13	0.29253400465724	0.6923076923076923
BRD-K78716413	BRD-K78716413	13	7	2	6	0.1551723193663817	0.2016545087099075	35.59933703274342	122.69809676726929	1	13	0.29013764655426855	0.5384615384615384
BRD-K88560311	rucaparib	13	9	2	4	0.2833448969400846	0.1803845316171646	34.76186357364664	122.69809676726929	1	13	0.2833121661176382	0.6923076923076923
BRD-A19633847	perhexiline	13	9	2	4	0.20639878511428833	0.4663697779178619	32.615553363882555	122.69809676726929	1	13	0.26581955403714963	0.6923076923076923
BRD-K87947369	tozasertib	13	10	2	3	0.3624082998587535	0.5591826438903809	32.40769314532329	122.69809676726929	1	13	0.2641254754488442	0.7692307692307693
BRD-A34255068	rolipram	13	5	2	8	0.011592311354783865	-0.3112500011920929	31.59803389953347	122.69809676726929	1	13	0.25752668323346395	0.38461538461538464
BRD-A70449690	forskolin	13	6	2	7	0.21330379350827292	-0.1474415361881256	31.185218741123634	122.69809676726929	1	13	0.25416220432721937	0.46153846153846156
BRD-K96354014	nifedipine	13	10	2	3	0.27111524400802756	0.175535574555397	24.013801021448685	122.69809676726929	1	13	0.195714535548155	0.7692307692307693
BRD-K86682249	BRD-K86682249	13	6	2	7	0.07137692633729711	-0.059249997138977	22.616647721894413	122.69809676726929	1	13	0.1843276164649327	0.46153846153846156
BRD-A81936046	BRD-A81936046	13	7	2	6	0.02288462221622467	0.1000000238418579	21.572235080158766	122.69809676726929	1	13	0.1758155639616517	0.5384615384615384
BRD-A01145011	zebularine	13	7	2	6	0.09509615256236151	0.1157499998807907	20.811509649648837	122.69809676726929	1	13	0.16961558653288317	0.5384615384615384
BRD-K19295594	gossypol	13	7	2	6	0.17248070010772118	0.2554319500923157	19.304930432226055	122.69809676726929	1	13	0.1573368368446918	0.5384615384615384
BRD-K67844266	pevonedistat	13	7	2	6	0.0682846227517495	0.1753499954938888	18.967514947008564	122.69809676726929	1	13	0.15458687173433242	0.5384615384615384
BRD-K68336408	tyrphostin-AG-1478	13	9	2	4	0.17193798835460955	0.1380988955497741	15.296608388975205	122.69809676726929	1	13	0.12466866880575525	0.6923076923076923
BRD-K83354763	NFKB-activation-inhibitor-II	13	9	2	4	0.2668384634531461	0.3907000124454498	14.680683432003129	122.69809676726929	1	13	0.1196488276411417	0.6923076923076923
BRD-K10705233	GW-405833	13	7	2	6	0.09071692351538403	0.1116812825202941	14.115518937106504	122.69809676726929	1	13	0.11504268859100945	0.5384615384615384
BRD-K92301463	16,16-dimethylprostaglandin-e2	13	7	2	6	0.0571153725569065	0.4168000221252441	13.25479244718659	122.69809676726929	1	13	0.10802769396112111	0.5384615384615384
BRD-K85606544	neratinib	13	8	2	5	0.16167142528754014	0.4367034137248993	12.602955075667452	122.69809676726929	1	13	0.10271516354139075	0.6153846153846154
BRD-K73789395	ZM-336372	13	7	2	6	0.23674231538405788	0.2062000036239624	11.235089956116209	122.69809676726929	1	13	0.09156694563426399	0.5384615384615384
BRD-K64451768	GANT-58	13	6	2	7	0.1579944479923982	-0.1628854721784591	8.845078845632223	122.69809676726929	1	13	0.07208815033544774	0.46153846153846156
BRD-K19216856	epigallocatechin	13	7	2	6	-0.0010235126201922906	0.0524766892194747	8.062305474897347	122.69809676726929	1	13	0.06570848030503462	0.5384615384615384
BRD-A68631409	evodiamine	13	4	2	9	-0.3020440328579682	-0.8582475781440735	5.207036417042431	122.69809676726929	1	13	0.04243779287725227	0.3076923076923077
BRD-K61662457	CAY-10594	13	9	2	4	0.058684636767093935	0.2386500090360641	5.040968578524376	122.69809676726929	1	13	0.04108432576656801	0.6923076923076923
BRD-K68185022	ursolic-acid	13	7	2	6	0.11208713398529936	0.0370655357837677	3.613048922005846	122.69809676726929	1	13	0.02944665823838317	0.5384615384615384
BRD-A71390734	idarubicin	13	7	2	6	-0.008803495993980977	0.0255888700485229	3.1962808381055297	122.69809676726929	1	13	0.02604996265075045	0.5384615384615384
BRD-K59470558	BRD-K59470558	13	5	2	8	0.034242298167485474	-0.0499000027775764	1.5889593806696638	122.69809676726929	1	13	0.012950155076028298	0.38461538461538464
BRD-A36630025	SN-38	13	7	2	6	-0.01417268354159135	0.1193387657403945	0.9170835573971807	122.69809676726929	1	13	0.007474309557846542	0.5384615384615384
BRD-K93176058	AC-55649	13	6	2	7	0.06946078515969793	-0.2032339423894882	-0.7268980187571845	122.69809676726929	1	13	-0.0059242811250442345	0.46153846153846156
BRD-M86331534	pyrvinium-pamoate	13	6	2	7	0.06861596640485984	-0.2392700463533401	-1.6039286543764097	122.69809676726929	1	13	-0.013072155939131655	0.46153846153846156
BRD-K53792571	inhibitor-BEC	13	6	2	7	0.1461000052782206	-0.044649988412857	-1.794828413571881	122.69809676726929	1	13	-0.014628005330647198	0.46153846153846156
BRD-K41859756	NVP-AUY922	13	6	2	7	-0.07156291604042053	-0.3359194099903106	-2.4833519817103706	122.69809676726929	1	13	-0.020239531395672184	0.46153846153846156
BRD-K50590187	capsaicin	13	5	2	8	-0.12213462820419897	-0.1639499962329864	-2.9678414757757565	122.69809676726929	1	13	-0.024188162277733488	0.38461538461538464
BRD-A45889380	mepacrine	13	4	2	9	-0.10047964522471793	-0.2194051593542099	-2.976397456634464	122.69809676726929	1	13	-0.024257894254708947	0.3076923076923077
BRD-A12083771	BRD-A12083771	13	8	2	5	0.14352541932692894	0.2553126215934753	-4.097544821836252	122.69809676726929	1	13	-0.03339534132797816	0.6153846153846154
BRD-K81473043	tanespimycin	13	6	2	7	0.0817225701533831	-0.0005826950073242	-4.8415341705816255	122.69809676726929	1	13	-0.03945891825661263	0.46153846153846156
BRD-K19894101	MST-312	13	7	2	6	-0.00132306285489064	0.4808000028133392	-6.726796570754676	122.69809676726929	1	13	-0.05482396832539218	0.5384615384615384
BRD-K68065987	MK-2206	13	4	2	9	-0.11820755325830899	-0.5001434087753296	-7.010793033395085	122.69809676726929	1	13	-0.05713856382542741	0.3076923076923077
BRD-K98548675	parthenolide	13	6	2	7	-0.02053846648106205	-0.0755999982357025	-10.98418105951093	122.69809676726929	1	13	-0.08952201663197314	0.46153846153846156
BRD-K26664453	cytochalasin-b	13	6	2	7	0.011257694317744328	-0.3010500073432922	-11.906230087458255	122.69809676726929	1	13	-0.09703679520018714	0.46153846153846156
BRD-K19796430	sonidegib	13	7	2	6	0.09549614901726064	0.075200006365776	-12.270374738139076	122.69809676726929	1	13	-0.10000460529891689	0.5384615384615384
BRD-A52650764	ingenol	13	5	2	8	-0.39175384004528707	-0.3319999873638153	-13.47306814696682	122.69809676726929	1	13	-0.10980665961365482	0.38461538461538464
BRD-A58280226	Y-27632	13	7	2	6	0.10802633243684587	0.0100318696349859	-15.643673844383267	122.69809676726929	1	13	-0.12749728199986507	0.5384615384615384
BRD-K12502280	TG-101348	13	5	2	8	-0.2369004373367016	-0.4155056476593017	-17.152048642516007	122.69809676726929	1	13	-0.1397906658246671	0.38461538461538464
BRD-K88510285	bortezomib	13	5	2	8	0.05979577910441617	-0.1344774812459945	-18.925835061300575	122.69809676726929	1	13	-0.15424717709516414	0.38461538461538464
BRD-A79768653	sirolimus	13	7	2	6	0.08005768519181469	0.2752500176429748	-23.51470960685202	122.69809676726929	1	13	-0.1916468977628409	0.5384615384615384
BRD-K90382497	GW-843682X	13	9	2	4	-0.09525384238133067	0.3348999917507171	-27.632312638569303	122.69809676726929	1	13	-0.22520571521970376	0.6923076923076923
BRD-K00088062	cyanoquinoline-11	13	5	2	8	-0.32539635323561156	-0.3103340268135071	-27.741442175152446	122.69809676726929	1	13	-0.2260951302918066	0.38461538461538464
BRD-K40892394	AR-C133057XX	13	7	2	6	-0.26568076473016006	0.017300009727478	-32.84055632315848	122.69809676726929	1	13	-0.2676533474308867	0.5384615384615384
BRD-K93725829	ERK-inhibitor-11E	13	5	2	8	-0.0728319906271421	-0.2674946188926697	-32.85405486839124	122.69809676726929	1	13	-0.2677633617309321	0.38461538461538464
BRD-K08417745	SID-26681509	13	6	2	7	-0.22451569942327648	-0.1709443628787994	-33.917000076798466	122.69809676726929	1	13	-0.27642645624024137	0.46153846153846156
BRD-K81651477	parthenolide	13	5	2	8	-0.4398730809871967	-0.4299499988555908	-36.69306922045927	122.69809676726929	1	13	-0.29905165758241364	0.38461538461538464
BRD-K69328504	L-690488	13	6	2	7	-0.08584359402839954	-0.1001239866018295	-37.15583173868496	122.69809676726929	1	13	-0.30282321175006666	0.46153846153846156
BRD-K73395020	ARP-101	13	6	2	7	-0.12351538240909578	-0.0540499985218048	-44.94097599102081	122.69809676726929	1	13	-0.3662728043472731	0.46153846153846156
BRD-K91623615	ABT-751	13	3	2	10	-0.45027461647987366	-0.22625133395195	-55.25228468266137	122.69809676726929	1	13	-0.45031085353721934	0.23076923076923078
BRD-K23363278	CYT-997	13	3	2	10	-0.5760269268200948	-0.5935499668121338	-57.66140034497036	122.69809676726929	1	13	-0.4699453525700653	0.23076923076923078
BRD-K33272502	DG-041	13	7	2	6	-0.3697423361814939	0.1416999995708465	-67.50113614423812	122.69809676726929	1	13	-0.550140042288289	0.5384615384615384
BRD-A41451487	PK-11195	13	4	2	9	-0.46563461193671596	-0.6350999474525452	-75.01019754481436	122.69809676726929	1	13	-0.611339535992085	0.3076923076923077
BRD-K57080016	selumetinib	13	6	2	7	-0.3444307904977065	-0.3103500008583069	-77.55151276411894	122.69809676726929	1	13	-0.6320514727397665	0.46153846153846156
BRD-K04010869	prostaglandin-a1	13	6	2	7	-0.8616121136225187	-0.5776990652084351	-82.0732729553007	122.69809676726929	1	13	-0.6689042056697525	0.46153846153846156
BRD-K83213911	PF-750	13	3	2	10	-0.5605444885217226	-0.7355979681015015	-85.34745118902154	122.69809676726929	1	13	-0.6955890387681112	0.23076923076923078
BRD-A14395271	mesoridazine	13	3	2	10	-0.8301352124947768	-0.5698938369750977	-103.16059120955353	122.69809676726929	1	13	-0.8407676559582337	0.23076923076923078
BRD-A19037878	trichostatin-a	13	4	2	9	-1.3270730880590587	-1.3989999294281006	-119.34562902706833	122.69809676726929	1	13	-0.9726771007168934	0.3076923076923077
BRD-K51575138	TPCA-1	13	3	2	10	-1.1104615812118237	-1.208899974822998	-121.05946752700657	122.69809676726929	1	13	-0.9866450313131521	0.23076923076923078
BRD-A05874290	DL-TBOA	13	4	2	9	-1.1043127907010226	-1.010800004005432	-127.58453789336173	122.69809676726929	1	13	-1.0398249137911317	0.3076923076923077
BRD-A17883755	lenalidomide	13	3	2	10	-1.3981885084739099	-1.457450032234192	-195.64578394011724	122.69809676726929	1	13	-1.5945298997686437	0.23076923076923078
BRD-K75532464	FTI-276	13	9	1	4	0.3535188238781232	0.4018902778625488	51.565871987716804	122.69809676726929	1	13	0.4202662742644303	0.6923076923076923
BRD-A63646118	fumonisin-b1	13	9	1	4	0.2519307698194797	0.297650009393692	49.40928652861653	122.69809676726929	1	13	0.40268991802158793	0.6923076923076923
BRD-K78867378	MW-A1-12	13	9	1	4	0.24707170403920686	0.3698430061340332	43.002143178696606	122.69809676726929	1	13	0.35047115083017144	0.6923076923076923
BRD-K28360340	TW-37	13	9	1	4	0.3696653831463594	0.5589500069618225	41.90293627188681	122.69809676726929	1	13	0.3415125203724004	0.6923076923076923
BRD-K56343971	vemurafenib	13	9	1	4	0.34517307808765996	0.3880999982357025	37.02972490104824	122.69809676726929	1	13	0.30179543021995936	0.6923076923076923
BRD-K01779529	fluoropyruvate	13	9	1	4	0.27106922979538256	0.3052000105381012	35.04476435330513	122.69809676726929	1	13	0.28561783170750543	0.6923076923076923
BRD-A09533288	verapamil	13	6	1	7	0.03784230122199428	-0.0151000022888183	34.29965042822033	122.69809676726929	1	13	0.279545089385364	0.46153846153846156
BRD-K31342827	bisindolylmaleimide	13	8	1	5	0.26298781541677624	0.1651221662759781	27.663469936954627	122.69809676726929	1	13	0.22545964987073933	0.6153846153846154
BRD-K93023739	IKK-inhibitor-X	13	7	1	6	0.15432320821743745	0.0525777004659175	27.661424090192618	122.69809676726929	1	13	0.22544297604436458	0.5384615384615384
BRD-K93095519	SJ-172550	13	7	1	6	0.11785184076199165	0.2085885256528854	27.544469694376623	122.69809676726929	1	13	0.224489787699171	0.5384615384615384
BRD-K53595844	phenoxazine	13	8	1	5	0.15137905340928298	0.295641541481018	26.292528245473655	122.69809676726929	1	13	0.21428635763882034	0.6153846153846154
BRD-K66874953	pifithrin-alpha	13	7	1	6	0.022796157460946303	0.154100015759468	25.407918762143794	122.69809676726929	1	13	0.20707671456662366	0.5384615384615384
BRD-A70155556	lovastatin	13	9	1	4	0.28605895317517793	0.3604870438575744	25.31431994906792	122.69809676726929	1	13	0.20631387622159691	0.6923076923076923
BRD-K09907482	PRL-3-inhibitor-I	13	9	1	4	0.22231538536456916	0.2091500014066696	25.18804768419606	122.69809676726929	1	13	0.20528474644535136	0.6923076923076923
BRD-K15025317	BAY-11-7082	13	6	1	7	0.10164614480275372	-0.0148000121116638	23.832339786104985	122.69809676726929	1	13	0.1942356109346144	0.46153846153846156
BRD-K16406336	methylene-blue	13	8	1	5	0.22455655697446603	0.228846937417984	22.60642004952054	122.69809676726929	1	13	0.18424426005889755	0.6153846153846154
BRD-K09499853	KU-0060648	13	7	1	6	0.06829999387264254	0.1340500116348266	21.138585810014817	122.69809676726929	1	13	0.17228128525994957	0.5384615384615384
BRD-K78513633	lonidamine	13	6	1	7	-0.014938459946559006	-0.0075500011444091	19.32728820330273	122.69809676726929	1	13	0.15751905459432064	0.46153846153846156
BRD-K77947974	fluspirilene	13	7	1	6	0.21034221351146698	0.2101248353719711	19.268974056724947	122.69809676726929	1	13	0.15704378930403345	0.5384615384615384
BRD-K05653692	DL-PDMP	13	5	1	8	0.11254615852465993	-0.273900032043457	17.47231901973534	122.69809676726929	1	13	0.14240089683604792	0.38461538461538464
BRD-A80213327	NSC-23766	13	9	1	4	0.18851282963385949	0.169510468840599	16.43894112719035	122.69809676726929	1	13	0.13397877848399986	0.6923076923076923
BRD-A26711594	nicardipine	13	8	1	5	0.14962855783792642	0.0649490803480148	16.13652653405115	122.69809676726929	1	13	0.13151407364254813	0.6153846153846154
BRD-K57011718	UK-356618	13	7	1	6	0.10943846580070946	0.0035000001080334	15.280794862666498	122.69809676726929	1	13	0.12453978721162018	0.5384615384615384
BRD-A31107743	brefeldin-a	13	6	1	7	0.1128252767599546	-0.0283125042915344	14.757428865858708	122.69809676726929	1	13	0.1202743095017214	0.46153846153846156
BRD-K02526760	QS-11	13	7	1	6	0.11752687165370353	0.0609421283006668	13.749902165616213	122.69809676726929	1	13	0.11206288058156832	0.5384615384615384
BRD-K86574132	BRD-K86574132	13	7	1	6	0.053307698036615676	0.0526499971747398	13.337592250784507	122.69809676726929	1	13	0.10870251945376888	0.5384615384615384
BRD-K01292756	pimozide	13	7	1	6	0.0969509740288441	0.0949211344122886	13.17396619240822	122.69809676726929	1	13	0.10736895306042335	0.5384615384615384
BRD-A58955223	sulforaphane	13	7	1	6	0.11480112832326156	0.2369299829006195	11.103620629197536	122.69809676726929	1	13	0.090495459357113	0.5384615384615384
BRD-K54256913	MK-1775	13	7	1	6	0.0361142880641497	0.1772688329219818	10.284521731909502	122.69809676726929	1	13	0.08381973317334276	0.5384615384615384
BRD-K52075040	cerulenin	13	7	1	6	-0.034278070697417624	0.1929021924734115	9.899083982915412	122.69809676726929	1	13	0.08067838249921472	0.5384615384615384
BRD-K03618428	PP-110	13	7	1	6	0.173250007801331	0.1481999903917312	9.816545788655485	122.69809676726929	1	13	0.0800056891450832	0.5384615384615384
BRD-K06980535	promazine	13	6	1	7	-0.20316975391828096	-0.4791216552257538	6.982025040210278	122.69809676726929	1	13	0.05690410221646396	0.46153846153846156
BRD-A38030642	cyclosporin-a	13	6	1	7	0.06414289084764627	-0.0427081584930419	6.243542194624586	122.69809676726929	1	13	0.050885403760314085	0.46153846153846156
BRD-K89692698	BRD-K89692698	13	7	1	6	-0.009938515149630038	0.3817781805992126	5.9895322335236845	122.69809676726929	1	13	0.04881520081672074	0.5384615384615384
BRD-K06593056	LE-135	13	6	1	7	0.010342487635520788	-0.2210122495889663	5.932629341304138	122.69809676726929	1	13	0.048351437370353044	0.46153846153846156
BRD-A62025033	temsirolimus	13	7	1	6	0.07713766854542953	0.0275599211454391	5.381437706214176	122.69809676726929	1	13	0.043859178324677305	0.5384615384615384
BRD-K41260949	valproic-acid	13	6	1	7	-0.03807307306963664	-0.0532499849796295	5.009819410408955	122.69809676726929	1	13	0.04083045737792866	0.46153846153846156
BRD-K32405725	etomoxir	13	6	1	7	-0.1143846145043006	-0.1272999942302703	3.7090874905446256	122.69809676726929	1	13	0.030229380799442478	0.46153846153846156
BRD-K47335880	GMX-1778	13	7	1	6	0.11926923462977777	0.1763999909162521	3.5581554997181684	122.69809676726929	1	13	0.02899927214410823	0.5384615384615384
BRD-K64890080	BI-2536	13	8	1	5	0.07144082738802982	0.4097143411636352	2.117404481805732	122.69809676726929	1	13	0.01725702792132116	0.6153846153846154
BRD-K32536677	AGK-2	13	7	1	6	0.09897381869646218	0.1778808087110519	1.809743501701094	122.69809676726929	1	13	0.014749564576651672	0.5384615384615384
BRD-K02113016	olaparib	13	7	1	6	0.111707697980679	0.0893000066280365	1.693775451547812	122.69809676726929	1	13	0.013804415033107835	0.5384615384615384
BRD-A35108200	dexamethasone	13	6	1	7	-0.06390770023258832	-0.0099999997764825	0.42980511984553793	122.69809676726929	1	13	0.0035029485474479824	0.46153846153846156
BRD-K59597909	phenothiazine	13	10	1	3	0.16232689928549987	0.1391027122735977	0.001973996462705685	122.69809676726929	1	13	1.60882402801236e-05	0.7692307692307693
BRD-K49456190	prima-1-met	13	7	1	6	0.023177942404380203	0.2794574499130249	-0.6950716823263754	122.69809676726929	1	13	-0.005664893756622567	0.5384615384615384
BRD-K67868012	PI-103	13	5	1	8	-0.0552026222531612	-0.235714316368103	-0.7801429903555368	122.69809676726929	1	13	-0.006358232204981082	0.38461538461538464
BRD-A19500257	geldanamycin	13	7	1	6	0.12134021062117355	0.3961682021617889	-1.753890567782312	122.69809676726929	1	13	-0.014294358380383423	0.5384615384615384
BRD-K08589866	linsitinib	13	6	1	7	0.06712660766564883	-0.025210753083229	-2.591618110718774	122.69809676726929	1	13	-0.02112190962207418	0.46153846153846156
BRD-K56851771	enzalutamide	13	4	1	9	-0.04802442428011159	-0.1019010320305824	-2.87682739471805	122.69809676726929	1	13	-0.02344638972008461	0.3076923076923077
BRD-K58550667	FK-866	13	6	1	7	-0.06326922974907435	-0.0002999976277351	-3.087820802155263	122.69809676726929	1	13	-0.025166004066160576	0.46153846153846156
BRD-K15563106	phloretin	13	7	1	6	0.009003839813745921	0.0762000083923339	-4.287600152242408	122.69809676726929	1	13	-0.03494430855251995	0.5384615384615384
BRD-K02407574	parbendazole	13	7	1	6	0.005777682535923417	0.0369331575930118	-7.421411420702549	122.69809676726929	1	13	-0.06048513885899386	0.5384615384615384
BRD-K55966568	orantinib	13	6	1	7	-0.13101537984151107	-0.1629000008106231	-7.8905812896660805	122.69809676726929	1	13	-0.06430891348406764	0.46153846153846156
BRD-K64642496	KO-143	13	8	1	5	0.002160752048859238	0.1335434019565582	-8.177481078575324	122.69809676726929	1	13	-0.06664717134191712	0.6153846153846154
BRD-K05649647	BRD-K05649647	13	7	1	6	-0.13416472249306166	0.0362677499651908	-10.522419659711973	122.69809676726929	1	13	-0.08575862166526216	0.5384615384615384
BRD-K89732114	trifluoperazine	13	6	1	7	0.01829641598921557	-0.1163681149482727	-10.62120974261766	122.69809676726929	1	13	-0.08656376930412953	0.46153846153846156
BRD-K17349619	HLI-373	13	5	1	8	0.030307864340452035	-0.1419103741645813	-10.819729961952653	122.69809676726929	1	13	-0.08818172609861462	0.38461538461538464
BRD-K20755323	SKI-II	13	7	1	6	-0.014403852705772099	0.0016500055789947	-11.681898761226446	122.69809676726929	1	13	-0.09520847567329738	0.5384615384615384
BRD-A56592690	PX-12	13	6	1	7	-0.22854430400408235	-0.3106642961502075	-11.757227533048425	122.69809676726929	1	13	-0.09582241161694009	0.46153846153846156
BRD-K39503511	quiflapon	13	3	1	10	-0.08938945142122418	-0.2285633981227874	-12.579878067705433	122.69809676726929	1	13	-0.10252708394953049	0.23076923076923078
BRD-K30707190	PNU-74654	13	4	1	9	-0.23632307236011213	-0.1444000005722046	-12.972333345754858	122.69809676726929	1	13	-0.10572562808663984	0.3076923076923077
BRD-K32330832	VER-155008	13	5	1	8	-0.08393500745296477	-0.1177173107862472	-13.446350285239262	122.69809676726929	1	13	-0.10958890675169938	0.38461538461538464
BRD-K40758391	BRD-K40758391	13	4	1	9	-0.04796154052019119	-0.1687999963760376	-14.705671458106856	122.69809676726929	1	13	-0.1198524821945707	0.3076923076923077
BRD-K35723520	darinaparsin	13	7	1	6	-0.23811611647789294	0.1737210154533386	-15.650223141299797	122.69809676726929	1	13	-0.12755065933080242	0.5384615384615384
BRD-K53414658	tivozanib	13	7	1	6	-0.2659837448826203	0.09089857339859	-15.977230390184022	122.69809676726929	1	13	-0.130215796423389	0.5384615384615384
BRD-A98248982	BRD-A98248982	13	6	1	7	-0.2490623536018225	-0.1633185297250747	-16.224474710072148	122.69809676726929	1	13	-0.1322308588114967	0.46153846153846156
BRD-A46335897	promethazine	13	7	1	6	0.01295015874963542	0.0118629448115825	-16.58564556903232	122.69809676726929	1	13	-0.13517443225294326	0.5384615384615384
BRD-K35960502	niclosamide	13	3	1	10	-0.22965542055093324	-0.2075352668762207	-17.343131466068883	122.69809676726929	1	13	-0.1413480072063783	0.23076923076923078
BRD-K51781482	IKK3-inhibitor-IX	13	6	1	7	0.01074615579385024	-0.1393000036478042	-17.850979262442007	122.69809676726929	1	13	-0.1454870102533155	0.46153846153846156
BRD-K44241590	ASN-05257430	13	6	1	7	-0.17155304780373207	-0.2976413667201996	-19.487768724324194	122.69809676726929	1	13	-0.1588269845887513	0.46153846153846156
BRD-A04706586	bucladesine	13	7	1	6	-0.13548213243484494	0.2063790261745453	-20.68250679597116	122.69809676726929	1	13	-0.16856420222394505	0.5384615384615384
BRD-K59036917	BRD-K59036917	13	6	1	7	-0.2845614483723274	-0.407417893409729	-20.713949796266267	122.69809676726929	1	13	-0.16882046537002096	0.46153846153846156
BRD-K80672993	M2-PK-activator	13	7	1	6	-0.1969817693416889	0.0076859146356582	-25.37801579735123	122.69809676726929	1	13	-0.20683300284182585	0.5384615384615384
BRD-K30064966	BRD-K30064966	13	3	1	10	-0.09809445217251776	-0.2073849588632583	-26.23776629082237	122.69809676726929	1	13	-0.21384004301704465	0.23076923076923078
BRD-K92991072	PAC-1	13	8	1	5	-0.12441904728229229	0.4488821029663086	-28.215501688289855	122.69809676726929	1	13	-0.22995875593578538	0.6153846153846154
BRD-K68997413	PF-3845	13	4	1	9	-0.17664614549049965	-0.2084500193595886	-29.05519804348422	122.69809676726929	1	13	-0.236802353166043	0.3076923076923077
BRD-K54233340	dorsomorphin	13	6	1	7	-0.15154614586096543	-0.4294999837875366	-29.328953665676252	122.69809676726929	1	13	-0.23903348493910778	0.46153846153846156
BRD-K23875128	RHO-kinase-inhibitor-III[rockout]	13	6	1	7	-0.42534592059942394	-0.3342635631561279	-30.350986242409093	122.69809676726929	1	13	-0.24736313799535203	0.46153846153846156
BRD-K92980438	BRD-K92980438	13	4	1	9	-0.18818334547372964	-0.1718955636024475	-30.713409147774634	122.69809676726929	1	13	-0.2503169157222631	0.3076923076923077
BRD-K98530306	clonidine	13	5	1	8	-0.1790621171777065	-0.2418779730796814	-31.14019789282653	122.69809676726929	1	13	-0.253795280556735	0.38461538461538464
BRD-K68143200	NSC-95397	13	5	1	8	-0.16390384504428276	-0.2156500071287155	-32.054749446150105	122.69809676726929	1	13	-0.26124895406446896	0.38461538461538464
BRD-K61053657	BRD-K61053657	13	4	1	9	-0.22900384320662573	-0.0816500037908554	-32.81263869839647	122.69809676726929	1	13	-0.2674258163974187	0.3076923076923077
BRD-K94325918	kinetin-riboside	13	4	1	9	-0.3560692283969659	-0.4160999953746795	-32.933991040129264	122.69809676726929	1	13	-0.2684148483785991	0.3076923076923077
BRD-K73319509	PF-04217903	13	5	1	8	-0.4152088910341263	-0.13498255610466	-33.699395762279295	122.69809676726929	1	13	-0.2746529624351018	0.38461538461538464
BRD-A02006392	nitrendipine	13	5	1	8	-0.0958538450873815	-0.2798500061035156	-33.77864738184449	122.69809676726929	1	13	-0.2752988699239157	0.38461538461538464
BRD-K73261812	BRD-K73261812	13	5	1	8	-0.380919221502084	-0.0736500024795532	-37.677880276272695	122.69809676726929	1	13	-0.3070779520544574	0.38461538461538464
BRD-K19922318	BRD-K19922318	13	5	1	8	-0.2908999432738011	-0.1462744921445846	-38.50155088011028	122.69809676726929	1	13	-0.31379093803825714	0.38461538461538464
BRD-K61829047	7b-cis	13	5	1	8	-0.30154624438056576	-0.0536915771663188	-38.648669149035214	122.69809676726929	1	13	-0.31498996453337863	0.38461538461538464
BRD-K12762134	XAV-939	13	6	1	7	-0.33526155467216784	-0.0768999904394149	-38.75820082596542	122.69809676726929	1	13	-0.31588265708376073	0.46153846153846156
BRD-K93754473	tamoxifen	13	5	1	8	-0.08859719794530137	-0.1705672591924667	-40.148698862806604	122.69809676726929	1	13	-0.3272153352057258	0.38461538461538464
BRD-K82818427	batimastat	13	4	1	9	-0.22116538366446128	-0.1816499829292297	-41.11468129244162	122.69809676726929	1	13	-0.3350881747613977	0.3076923076923077
BRD-K81418486	vorinostat	13	5	1	8	-0.5093992058402643	-0.7790404851548374	-41.54684497427931	122.69809676726929	4	52	-0.3386103457911359	0.38461538461538464
BRD-K92241597	tosedostat	13	5	1	8	-0.5290892823384359	-0.635712206363678	-42.71092689019974	122.69809676726929	1	13	-0.34809771313089527	0.38461538461538464
BRD-K78659596	ixazomib	13	5	1	8	-0.25244493782520294	-0.5728939771652222	-45.853197815702465	122.69809676726929	1	13	-0.37370749036699136	0.38461538461538464
BRD-K69840642	ISOX	13	4	1	9	-0.4457467940564339	-0.2541558444499969	-46.5503262202586	122.69809676726929	1	13	-0.3793891465859825	0.3076923076923077
BRD-K61323504	SB-225002	13	4	1	9	-0.359699201125365	-0.516462504863739	-47.55874109974591	122.69809676726929	1	13	-0.3876078142430697	0.3076923076923077
BRD-K12994359	valdecoxib	13	4	1	9	-0.32389999009095705	-0.3971000015735626	-49.10748976694859	122.69809676726929	1	13	-0.4002302485595556	0.3076923076923077
BRD-K01976263	emetine	13	5	1	8	-0.5872923101370151	-0.4481500089168548	-55.06273056651166	122.69809676726929	1	13	-0.44876597125180584	0.38461538461538464
BRD-K62965247	tipifarnib-P2	13	6	1	7	-0.31917544970145595	-0.1027422770857811	-55.48103295292401	122.69809676726929	1	13	-0.45217517153635284	0.46153846153846156
BRD-A28105619	cucurbitacin-i	13	3	1	10	-0.48353253648831296	-0.2609900832176208	-62.750998660296155	122.69809676726929	1	13	-0.5114260148575955	0.23076923076923078
BRD-K86191271	cytosporone-b	13	6	1	7	-0.5425869461435538	-0.0263227820396423	-64.2523765119369	122.69809676726929	1	13	-0.5236623729690707	0.46153846153846156
BRD-K04887706	AKT-inhibitor-1-2	13	5	1	8	-0.48332915053917813	-0.4115256667137146	-66.97269192222089	122.69809676726929	1	13	-0.5458331766078901	0.38461538461538464
BRD-A12230535	nutlin-3	13	2	1	11	-0.43092232598708224	-0.5071600079536438	-68.04440232248217	122.69809676726929	1	13	-0.5545677081817096	0.15384615384615385
BRD-K78126613	menadione	13	5	1	8	-0.502542298573714	-0.3605999946594238	-70.04141286831444	122.69809676726929	1	13	-0.570843515210894	0.38461538461538464
BRD-A75409952	wortmannin	13	4	1	9	-0.6672509306898484	-0.861654798189799	-74.43745487880399	122.69809676726929	3	39	-0.6066716341981662	0.3076923076923077
BRD-K64970062	BRD-K64970062	13	3	1	10	-0.6997128404103793	-0.891033411026001	-76.8115052066171	122.69809676726929	1	13	-0.6260203477508804	0.23076923076923078
BRD-K56411643	BRD-K56411643	13	6	1	7	-0.5704105129608741	-0.1272880733013153	-90.0518560506856	122.69809676726929	1	13	-0.7339303414094004	0.46153846153846156
BRD-K06890060	alda-1	13	3	1	10	-0.6047461445514972	-0.5631499886512756	-92.81863320368973	122.69809676726929	1	13	-0.756479812231691	0.23076923076923078
BRD-K22134346	simvastatin	13	3	1	10	-1.1415578424930573	-1.335491180419922	-147.94191398168851	122.69809676726929	1	13	-1.2057392728943552	0.23076923076923078
BRD-K00766422	sparfosic-acid	13	3	1	10	-1.9694231060835032	-2.1605000495910645	-245.8965641281231	122.69809676726929	1	13	-2.00407806320365	0.23076923076923078
BRD-K08451418	BRD-K08451418	13	9	0	4	0.27879781218675465	0.3329262137413025	56.160541716451405	122.69809676726929	1	13	0.4577132261715137	0.6923076923076923
BRD-K89687904	PKCbeta-inhibitor	13	10	0	3	0.2604642453101965	0.3992270231246948	44.55320364937127	122.69809676726929	1	13	0.3631124265430024	0.7692307692307693
BRD-K18849474	dalcetrapib	13	9	0	4	0.20368077548650595	0.3202999830245971	40.87990247224757	122.69809676726929	1	13	0.33317470726369586	0.6923076923076923
BRD-A23770159	sirolimus	13	10	0	3	0.22368624634467638	0.4182601571083069	38.52913985290959	122.69809676726929	1	13	0.31401579053007406	0.7692307692307693
BRD-K69181860	ARG-CSC-91	13	11	0	2	0.2642397708617724	0.3183826208114624	30.571645230978554	122.69809676726929	1	13	0.24916152765569047	0.8461538461538461
BRD-K01121114	BRD-K01121114	13	8	0	5	0.20203996621645415	0.5435850620269775	27.792518143426683	122.69809676726929	1	13	0.22651140380883691	0.6153846153846154
BRD-K76964878	EX-527	13	7	0	6	0.137646150130492	0.0264999866485595	27.422633256095047	122.69809676726929	1	13	0.2234968102896463	0.5384615384615384
BRD-K45399554	CAM-9-027-3	13	9	0	4	0.1397470969420213	0.4695836901664734	27.261158567662363	122.69809676726929	1	13	0.2221807777456455	0.6923076923076923
BRD-A18763547	BAX-channel-blocker	13	7	0	6	0.06693846101944263	0.1412999927997589	26.807761560125652	122.69809676726929	1	13	0.21848555329243574	0.5384615384615384
BRD-A20131130	2',5'-dideoxyadenosine	13	10	0	3	0.11278427879397682	0.1754475831985473	23.949382788198164	122.69809676726929	1	13	0.19518952142855778	0.7692307692307693
BRD-K81647657	BRD-K81647657	13	7	0	6	0.11647210785975824	0.1522852778434753	23.888980008313474	122.69809676726929	1	13	0.19469723359788946	0.5384615384615384
BRD-A62809825	thapsigargin	13	8	0	5	0.14742174343420908	0.0729489028453826	22.628199931829904	122.69809676726929	1	13	0.18442176796556603	0.6153846153846154
BRD-K84924563	BRD-K84924563	13	7	0	6	0.029824444307730767	0.1084349155426025	20.14632286075267	122.69809676726929	1	13	0.1641942572179071	0.5384615384615384
BRD-K41087962	BRD-K41087962	13	7	0	6	0.11159209849742743	0.0294165164232254	20.031558196970398	122.69809676726929	1	13	0.16325891537637915	0.5384615384615384
BRD-A13195221	STK-064652	13	10	0	3	0.13842581384457076	0.1140600740909576	19.6570615987763	122.69809676726929	1	13	0.16020673601858165	0.7692307692307693
BRD-K90826279	BRD-K90826279	13	9	0	4	0.26885389622587424	0.3380113244056701	19.64588709394445	122.69809676726929	1	13	0.1601156628469004	0.6923076923076923
BRD-K98404142	BRD-K98404142	13	8	0	5	0.152016935726771	0.1828344166278839	19.52991894005728	122.69809676726929	1	13	0.15917051245791647	0.6153846153846154
BRD-K09085930	TUL_XX087	13	9	0	4	0.18389023156263506	0.2687045903876424	19.28221300458259	122.69809676726929	16	208	0.15715168786323241	0.6923076923076923
BRD-K71799949	carbamazepine	13	8	0	5	0.1887485429358024	0.241944134235382	18.27674453816822	122.69809676726929	1	13	0.1489570337251041	0.6153846153846154
BRD-K08478539	RLM-2-12	13	9	0	4	0.14807744324207303	0.304249107837677	16.924859652525814	122.69809676726929	1	13	0.13793905609333507	0.6923076923076923
BRD-K35716340	BRD-K35716340	13	7	0	6	0.09908443689346313	0.1310408115386963	15.87073680878878	122.69809676726929	1	13	0.12934786461188555	0.5384615384615384
BRD-K67075780	TGX-115	13	9	0	4	0.1931380331516266	0.1843229234218597	15.459378664239086	122.69809676726929	1	13	0.1259952604934211	0.6923076923076923
BRD-K66792149	quinoclamine	13	7	0	6	-0.01208401184815627	0.0209040492773056	14.606619354979586	122.69809676726929	1	13	0.11904519906845058	0.5384615384615384
BRD-K85563610	APO-866	13	9	0	4	0.14676923705981326	0.291700005531311	12.61465161231531	122.69809676726929	1	13	0.10281049131709409	0.6923076923076923
BRD-K38985961	T-5345967	13	8	0	5	0.05010600187457525	0.1472990810871124	12.457654453800139	122.69809676726929	1	13	0.10153095102550375	0.6153846153846154
BRD-K05402890	BRD-K05402890	13	9	0	4	0.05695790167038255	0.0628786981105804	11.807648181472766	122.69809676726929	1	13	0.09623334422105358	0.6923076923076923
BRD-K89329876	BRD-K89329876	13	8	0	5	0.06623462007309382	0.274150013923645	11.370307646110508	122.69809676726929	1	13	0.0926689813915975	0.6153846153846154
BRD-K90735586	BRD-K90735586	13	8	0	5	0.08397691524945773	0.2555000185966491	11.200600455207011	122.69809676726929	1	13	0.09128585324719447	0.6153846153846154
BRD-K14696368	9-methyl-5H-6-thia-4,5-diaza-chrysene-6,6-dioxide	13	7	0	6	0.045777092759425826	0.0273584723472595	10.241858189860636	122.69809676726929	1	13	0.08347202165072812	0.5384615384615384
BRD-K13049116	BMS-754807	13	7	0	6	-0.023445908839885996	0.0866030752658844	9.924461749331902	122.69809676726929	1	13	0.08088521346958116	0.5384615384615384
BRD-K87142802	veliparib	13	7	0	6	0.06934615052663362	0.0178499966859817	9.495781430657999	122.69809676726929	1	13	0.0773914321480419	0.5384615384615384
BRD-K22828899	TUL-XXI039	13	9	0	4	0.1006998355106379	0.2033023377880454	8.880775027712348	122.69809676726929	16	208	0.07237907727743473	0.6923076923076923
BRD-K17561142	amiodarone	13	9	0	4	0.15929977595806122	0.215323805809021	8.838129436883529	122.69809676726929	1	13	0.07203151205880132	0.6923076923076923
BRD-K67778494	BRD-K67778494	13	8	0	5	0.05071389273955271	0.1287925690412521	8.589255144616658	122.69809676726929	1	13	0.07000316525616973	0.6153846153846154
BRD-K80527266	triacsin-c	13	8	0	5	0.059413043352273785	0.1087063550949096	8.17002533729093	122.69809676726929	1	13	0.06658640641172807	0.6153846153846154
BRD-K70642949	GSK-2334470	13	7	0	6	0.013602026953146999	0.1841844320297241	8.028313339604805	122.69809676726929	1	13	0.06543144149034937	0.5384615384615384
BRD-A91699651	chloroquine	13	7	0	6	0.06624231372888272	0.1537999957799911	6.133232001239756	122.69809676726929	1	13	0.04998636623413254	0.5384615384615384
BRD-K66645150	BG-STK33-55	13	7	0	6	-0.014908055255476099	0.147657404653728	5.567483516893168	122.69809676726929	16	208	0.045375467619953654	0.5384615384615384
BRD-K04430056	7-nitroindazole	13	7	0	6	0.05103096480552966	0.0105686634778976	5.502585168636419	122.69809676726929	1	13	0.04484654052192502	0.5384615384615384
BRD-A81541225	oligomycin-a	13	8	0	5	0.04555769092761553	0.1457499861717224	5.399614906172461	122.69809676726929	1	13	0.044007324061548544	0.6153846153846154
BRD-K14888893	minoxidil	13	6	0	7	0.018857136941873118	-0.0849249362945556	5.392157801867955	122.69809676726929	1	13	0.0439465480226288	0.46153846153846156
BRD-K12683773	methyl-fasudil	13	8	0	5	0.04310877209242718	0.0816305568441748	5.2756515775473	122.69809676726929	16	208	0.04299701231351636	0.6153846153846154
BRD-K38340366	MW-STK33-1C	13	8	0	5	-0.022791864941469765	0.1631672726944089	4.8724164000039085	122.69809676726929	16	208	0.0397106110720347	0.6153846153846154
BRD-K48692744	NU-1025	13	9	0	4	0.025406572394646113	0.0529453158378601	4.2176776518178904	122.69809676726929	1	13	0.03437443418391303	0.6923076923076923
BRD-A83255679	BRD-A83255679	13	9	0	4	0.1727807676562896	0.0888499915599823	4.074006916625681	122.69809676726929	1	13	0.033203505384057884	0.6923076923076923
BRD-K33583600	isoliquiritigenin	13	7	0	6	0.04178839463454025	0.1335287988185882	4.045780280884305	122.69809676726929	1	13	0.03297345588463561	0.5384615384615384
BRD-K15108141	gemcitabine	13	6	0	7	0.036840552320847146	-0.0074435919523239	3.1451700595022363	122.69809676726929	1	13	0.025633405426556184	0.46153846153846156
BRD-K52904470	BRD-K52904470	13	7	0	6	0.0020249013144236303	0.0236809849739074	2.991048185199255	122.69809676726929	1	13	0.024377298947616127	0.5384615384615384
BRD-K82135108	elesclomol	13	8	0	5	-0.010416021713843723	0.0958518981933593	2.5469965044765983	122.69809676726929	1	13	0.02075823970853988	0.6153846153846154
BRD-K59019422	BRD-K59019422	13	8	0	5	0.020964055680311643	0.2133266180753708	2.5314728545571654	122.69809676726929	1	13	0.020631720631810617	0.6153846153846154
BRD-K25690923	4-iodo-6-phenylpyrimidine	13	7	0	6	0.009515919364415674	0.0839897394180297	2.035238689506339	122.69809676726929	1	13	0.016587369675071073	0.5384615384615384
BRD-A62182663	YK-4279	13	6	0	7	0.05730086636657898	-0.0265275593847036	0.9423043218073062	122.69809676726929	1	13	0.007679860948411006	0.46153846153846156
BRD-A67373739	AICA-ribonucleotide	13	7	0	6	0.029700012161181524	0.0351500064134597	0.440074154467629	122.69809676726929	1	13	0.0035866420593495493	0.5384615384615384
BRD-K49010888	BRD-K49010888	13	6	0	7	-0.04083616384573711	-0.0442922849906608	0.27783400840563544	122.69809676726929	16	208	0.002264370970094378	0.46153846153846156
BRD-A58048407	nimodipine	13	6	0	7	0.029796858819631438	-0.0384042337536811	-0.15402021938271337	122.69809676726929	1	13	-0.0012552779826312636	0.46153846153846156
BRD-K69885235	MW-STK33-100	13	5	0	8	-0.056930642789946154	-0.0207521519623696	-0.961517652488741	122.69809676726929	16	208	-0.007836451239439548	0.38461538461538464
BRD-K20285085	fostamatinib	13	6	0	7	-0.004024909665951369	-0.0352929979562759	-1.191858775731136	122.69809676726929	1	13	-0.009713751126815148	0.46153846153846156
BRD-K21614065	BRD-K21614065	13	5	0	8	-0.15011152940300795	-0.0887000039219856	-1.880026935839805	122.69809676726929	1	13	-0.015322380585949865	0.38461538461538464
BRD-A84045418	calpeptin	13	7	0	6	-0.09134605068426868	0.1192364692687988	-2.060292669324399	122.69809676726929	1	13	-0.016791561756922042	0.5384615384615384
BRD-K77432048	BRD-K77432048	13	4	0	9	-0.195530098504745	-0.1038981080055236	-2.7727333464426667	122.69809676726929	1	13	-0.022598014309072118	0.3076923076923077
BRD-K34581968	BMS-536924	13	8	0	5	0.050682916091038616	0.0668143332004547	-2.8115578254396434	122.69809676726929	1	13	-0.022914437138927563	0.6153846153846154
BRD-K79382620	TH02453-036-P1	13	7	0	6	0.07302193798554632	0.1580438017845153	-3.371039000778133	122.69809676726929	1	13	-0.027474256647780252	0.5384615384615384
BRD-K46625679	MW-STK33-97	13	6	0	7	-0.021153542437017524	-0.1037637814879417	-3.483128602478735	122.69809676726929	16	208	-0.028387796504174365	0.46153846153846156
BRD-K30677119	PP-30	13	7	0	6	0.0742622585250781	0.0048816725611686	-3.5046544965565145	122.69809676726929	1	13	-0.028563234384996666	0.5384615384615384
BRD-K02950022	BMS-299897	13	8	0	5	0.0636538484921822	0.044199988245964	-4.9331415566606776	122.69809676726929	1	13	-0.04020552630101295	0.6153846153846154
BRD-K74236984	UNC-0321	13	8	0	5	0.0022720407981138865	0.0219944342970848	-5.29466922975529	122.69809676726929	1	13	-0.04315200780822288	0.6153846153846154
BRD-K23582869	BRD-K23582869	13	6	0	7	-0.08275427518618438	-0.0050215494993608	-6.7814762203759855	122.69809676726929	16	208	-0.05526961215412266	0.46153846153846156
BRD-K59962020	CHEMBL-374350	13	6	0	7	0.07588271854015498	-0.062659777700901	-6.903057936228702	122.69809676726929	1	13	-0.05626051355403052	0.46153846153846156
BRD-A24054354	BRD-A24054354	13	7	0	6	-0.0664164676116063	0.1222838461399078	-7.001902205938914	122.69809676726929	1	13	-0.05706610281999686	0.5384615384615384
BRD-K78930611	MW-STK33-2B	13	5	0	8	-0.12792918199780753	-0.1329143195180222	-7.023718971070841	122.69809676726929	16	208	-0.05724391132482892	0.38461538461538464
BRD-K68548958	BRD-K68548958	13	7	0	6	-0.12284225569321561	0.0444419831037521	-7.547775491661934	122.69809676726929	1	13	-0.06151501686271766	0.5384615384615384
BRD-K80738081	resveratrol	13	9	0	4	-0.12204999648607696	0.0369499921798706	-7.751274253473932	122.69809676726929	1	13	-0.063173549204894	0.6923076923076923
BRD-K73397362	purmorphamine	13	6	0	7	-0.04816345927807	-0.0084272399544715	-8.008374835409965	122.69809676726929	1	13	-0.06526894097306213	0.46153846153846156
BRD-K61314889	endo-IWR-1	13	5	0	8	-0.0864192213003452	-0.2409499883651733	-8.182149395800897	122.69809676726929	1	13	-0.0666852185272327	0.38461538461538464
BRD-K35669573	TUL-XX023	13	4	0	9	-0.11504175487117697	-0.0401977421715855	-8.87742540124511	122.69809676726929	16	208	-0.07235177753476968	0.3076923076923077
BRD-K41996876	tyrphostin-1	13	7	0	6	0.019526923505159537	0.0269000083208084	-8.940264796447828	122.69809676726929	1	13	-0.07286392398902079	0.5384615384615384
BRD-K03763695	TUL_XIX002	13	5	0	8	-0.14496201407522535	-0.0600560270249843	-9.586070625615292	122.69809676726929	16	208	-0.07812729682187258	0.38461538461538464
BRD-K32164935	tolazamide	13	4	0	9	-0.05869170335622932	-0.2197197675704956	-9.885626181676592	122.69809676726929	1	13	-0.08056870026621035	0.3076923076923077
BRD-K48923948	BMS-641988	13	7	0	6	-0.0571742166693394	0.0182203650474548	-9.953208882444232	122.69809676726929	1	13	-0.08111950506716686	0.5384615384615384
BRD-A25004090	erastin	13	8	0	5	-0.2667038360467325	0.2473500072956085	-10.041405485007125	122.69809676726929	1	13	-0.08183831493371421	0.6153846153846154
BRD-K26657438	imiquimod	13	8	0	5	0.010327151188483596	0.1318635642528534	-12.54163817276821	122.69809676726929	1	13	-0.10221542552984239	0.6153846153846154
BRD-K05922103	BG-STK33-03	13	4	0	9	-0.12406489054242578	-0.1998407102655619	-12.991422433994707	122.69809676726929	16	208	-0.1058812057911258	0.3076923076923077
BRD-K58466974	TUL_XXI035	13	5	0	8	-0.1560335884658763	-0.0448367041535675	-13.28495431280527	122.69809676726929	16	208	-0.10827351574983142	0.38461538461538464
BRD-A34817987	itraconazole	13	5	0	8	-0.06895058315533857	-0.2119853943586349	-14.02703278854516	122.69809676726929	1	13	-0.1143215188997698	0.38461538461538464
BRD-K95985487	BRD-K95985487	13	7	0	6	-0.06784396101899731	0.0653985161334276	-14.351980782551072	122.69809676726929	16	208	-0.11696987288868509	0.5384615384615384
BRD-K69690935	curcumin	13	6	0	7	-0.037513800825063996	-0.1229981184005737	-15.160350712352386	122.69809676726929	1	13	-0.12355815706830534	0.46153846153846156
BRD-K70792160	10-DEBC	13	4	0	9	-0.08206438502440085	-0.1708440780639648	-15.477984010382523	122.69809676726929	1	13	-0.12614689565837992	0.3076923076923077
BRD-K03073752	TUL_XIX003	13	5	0	8	-0.1471634220618468	-0.0863720132754399	-15.618463090267339	122.69809676726929	13	169	-0.1272918121940559	0.38461538461538464
BRD-A04352665	maraviroc	13	6	0	7	-0.17897197374930748	-0.2689558267593384	-15.729955238978711	122.69809676726929	1	13	-0.12820048275740495	0.46153846153846156
BRD-K09778810	FGIN-1-27	13	7	0	6	-0.012894780303423222	0.0229610167443752	-15.787747703929778	122.69809676726929	1	13	-0.1286714962977428	0.5384615384615384
BRD-A12409803	orteronel	13	5	0	8	-0.0794846163346217	-0.1422500014305114	-16.242798194530153	122.69809676726929	1	13	-0.13238019677957263	0.38461538461538464
BRD-K28470988	L-690330	13	7	0	6	-0.2704153702809261	0.0407499969005584	-16.595032363448645	122.69809676726929	1	13	-0.13525093543158775	0.5384615384615384
BRD-A93255169	thalidomide	13	5	0	8	-0.2205641923042444	-0.1312730312347412	-16.923493930977678	122.69809676726929	1	13	-0.13792792534571863	0.38461538461538464
BRD-K61250553	loperamide	13	5	0	8	-0.14594379970087454	-0.0420425422489643	-17.05082063407577	122.69809676726929	1	13	-0.13896564888384	0.38461538461538464
BRD-K32107296	temozolomide	13	5	0	8	-0.1298000026637545	-0.2871499955654144	-17.560204276636924	122.69809676726929	1	13	-0.14311716920878312	0.38461538461538464
BRD-K51556300	BRD-K51556300	13	4	0	9	-0.16584911585624257	-0.1505626321304589	-17.84076932228631	122.69809676726929	16	208	-0.1454037983663776	0.3076923076923077
BRD-K62810658	PD-98059	13	6	0	7	-0.24176722922577312	-0.1199153065681457	-18.769676164358103	122.69809676726929	1	13	-0.15297446870720383	0.46153846153846156
BRD-K95606637	BRD-K95606637	13	7	0	6	-0.13650128589226648	0.1977423131465912	-18.871950663606924	122.69809676726929	1	13	-0.15380801463777202	0.5384615384615384
BRD-K48188942	BG-STK33-59	13	6	0	7	-0.16890925045411745	-0.0294494798872619	-19.10809725186804	122.69809676726929	16	208	-0.15573262956239495	0.46153846153846156
BRD-K61033289	15-delta-prostaglandin-j2	13	4	0	9	-0.18377806934026572	-0.216459035873413	-20.184728673460423	122.69809676726929	1	13	-0.1645072678816389	0.3076923076923077
BRD-A75517195	thiazolopyrimidine	13	7	0	6	-0.09637509859525242	0.0580623298883438	-20.279963684420526	122.69809676726929	1	13	-0.16528344137959253	0.5384615384615384
BRD-A43331270	niguldipine	13	6	0	7	-0.18528078152583197	-0.2718999981880188	-20.36730788088769	122.69809676726929	1	13	-0.16599530406343543	0.46153846153846156
BRD-K53855319	SRT-1720	13	6	0	7	-0.04622324154927181	-0.209572747349739	-21.117487606511453	122.69809676726929	1	13	-0.17210933309394832	0.46153846153846156
BRD-K28100108	BRD-K28100108	13	6	0	7	-0.1320538469232046	-0.0631500035524368	-21.378277329193303	122.69809676726929	1	13	-0.17423479167523756	0.46153846153846156
BRD-K06854232	AM-580	13	7	0	6	0.011973918773807017	0.0719548538327217	-21.38423823683541	122.69809676726929	1	13	-0.17428337358318202	0.5384615384615384
BRD-K56477805	BRD-K56477805	13	6	0	7	-0.06084999785973476	-0.0842500030994415	-21.60886609867147	122.69809676726929	1	13	-0.17611410990065016	0.46153846153846156
BRD-K56700933	phenethyl-isothiocyanate	13	4	0	9	-0.25132275888553035	-0.4162845611572265	-22.667081091942485	122.69809676726929	1	13	-0.18473865275136941	0.3076923076923077
BRD-K00317371	RITA	13	8	0	5	-0.30078845069958615	0.0966000258922576	-23.04484382658914	122.69809676726929	1	13	-0.18781745140105988	0.6153846153846154
BRD-K08845546	tacrolimus	13	6	0	7	0.021950003046255852	-0.0456999987363815	-23.458052013795022	122.69809676726929	1	13	-0.19118513352566238	0.46153846153846156
BRD-K12184916	NVP-BEZ235	13	6	0	7	-0.21126712400179642	-0.1787914931774139	-25.10173314837201	122.69809676726929	1	13	-0.20458127558395917	0.46153846153846156
BRD-K37865504	LY-2183240	13	7	0	6	-0.3800282994141945	0.0678686201572418	-27.641438474787023	122.69809676726929	1	13	-0.22528009156667375	0.5384615384615384
BRD-K08703257	3-amino-benzamide	13	5	0	8	-0.28171153366565704	-0.3959499895572662	-27.670997716120752	122.69809676726929	1	13	-0.22552100191583585	0.38461538461538464
BRD-K64634304	tretinoin	13	7	0	6	-0.0988961526980767	0.0407999753952026	-28.081683178162294	122.69809676726929	1	13	-0.22886812361423123	0.5384615384615384
BRD-K63195589	tipifarnib	13	4	0	9	-0.17316201329231262	-0.1813313215970993	-28.21870953184673	122.69809676726929	1	13	-0.22998490013558465	0.3076923076923077
BRD-A85860691	chaetocin	13	4	0	9	-0.3595846203657297	-0.6025500297546387	-28.575997317069206	122.69809676726929	1	13	-0.23289682619341234	0.3076923076923077
BRD-K99696746	fatostatin	13	5	0	8	-0.1277214770133679	-0.1307569295167923	-31.166859725420675	122.69809676726929	1	13	-0.2540125767764532	0.38461538461538464
BRD-K24132293	piperlongumine	13	5	0	8	-0.4175360913460071	-0.8425992727279663	-31.595701348609833	122.69809676726929	1	13	-0.25750767274361047	0.38461538461538464
BRD-K96799727	pifithrin-mu	13	6	0	7	-0.10709763547548881	-0.1487302780151367	-31.684717107061225	122.69809676726929	1	13	-0.25823315880082487	0.46153846153846156
BRD-K47983010	BX-795	13	3	0	10	-0.30098076752172065	-0.1071000099182128	-34.081369637805615	122.69809676726929	1	13	-0.27776608224372307	0.23076923076923078
BRD-K01638814	rilmenidine	13	4	0	9	-0.3235000056716112	-0.4153000116348266	-35.52887181809584	122.69809676726929	1	13	-0.2895633490182502	0.3076923076923077
BRD-A69951442	dexamethasone	13	5	0	8	-0.12598874004414448	-0.0259523373097181	-36.55442935969549	122.69809676726929	1	13	-0.297921730840137	0.38461538461538464
BRD-K28307902	flutamide	13	4	0	9	-0.2810192406177521	-0.1820499897003173	-37.105844155938314	122.69809676726929	1	13	-0.30241580866832646	0.3076923076923077
BRD-K83289131	CAY-10618	13	5	0	8	-0.5186539315260373	-0.4151504039764404	-39.988924380775046	122.69809676726929	1	13	-0.32591315948954813	0.38461538461538464
BRD-A94451536	2-fluoropalmitic-acid	13	5	0	8	-0.1844469698575827	-0.0991556942462921	-40.88155251556785	122.69809676726929	1	13	-0.33318815525811263	0.38461538461538464
BRD-A13084692	troglitazone	13	7	0	6	-0.2487578162780175	0.0090896189212799	-44.7745564475166	122.69809676726929	1	13	-0.36491647081082174	0.5384615384615384
BRD-U88459701	atorvastatin	13	6	0	7	-0.34831541318159837	-0.1193000078201294	-44.798020664371165	122.69809676726929	1	13	-0.3651077061883278	0.46153846153846156
BRD-K90999434	BRD-K90999434	13	5	0	8	-0.27098461899619836	-0.1539999991655349	-45.9404643060039	122.69809676726929	1	13	-0.37441871973892665	0.38461538461538464
BRD-A47829399	artesunate	13	7	0	6	-0.3747769777591412	0.2197265923023224	-50.83008201022271	122.69809676726929	1	13	-0.4142695229139206	0.5384615384615384
BRD-K08316444	rotenone	13	5	0	8	-0.4283674591435836	-0.2452781349420547	-53.23854836163946	122.69809676726929	1	13	-0.4338987300073694	0.38461538461538464
BRD-K03816923	rottlerin	13	3	0	10	-0.49275360657618594	-0.4000463485717773	-54.525308321268	122.69809676726929	1	13	-0.4443859339129787	0.23076923076923078
BRD-A15079084	phorbol-12-myristate-13-acetate	13	3	0	10	-0.6488692347819989	-0.6286318302154541	-60.3000777519387	122.69809676726929	1	13	-0.49145079948806697	0.23076923076923078
BRD-A30655177	LFM-A13	13	2	0	11	-0.41919286061937994	-0.4311942458152771	-62.05890019502646	122.69809676726929	1	13	-0.5057853530746955	0.15384615384615385
BRD-K02822062	CT-200783	13	2	0	11	-0.44385147782472456	-0.2489567250013351	-66.02752201198857	122.69809676726929	1	13	-0.5381299608683249	0.15384615384615385
BRD-A75817871	blebbistatin	13	5	0	8	-0.5008307752700952	-0.286650002002716	-71.58978544370123	122.69809676726929	1	13	-0.5834628843468612	0.38461538461538464
BRD-K76703230	YM-155	13	3	0	10	-0.49905770243360453	-0.4986499547958374	-74.07548349887487	122.69809676726929	1	13	-0.6037215364422434	0.23076923076923078
BRD-A97437073	rosiglitazone	13	4	0	9	-0.8483311511003054	-0.5543226003646851	-103.94110445237247	122.69809676726929	1	13	-0.8471289057525104	0.3076923076923077
BRD-K92317137	BRD-K92317137	13	2	0	11	-0.8060361376175513	-0.5997172594070435	-109.22985050010259	122.69809676726929	1	13	-0.8902326391197988	0.15384615384615385
BRD-K74305673	IKK-2-inhibitor-V	13	3	0	10	-1.0700057624624326	-0.5364471673965454	-119.82152787523921	122.69809676726929	1	13	-0.9765557170989678	0.23076923076923078
