disease	GWAS	locus	gene_name	ensembl_id	set_label	reference	feature	GWAS_SNP	QTL_SNP	GWAS_SNP_Beta	GWAS_SNP_SE	QTL_Beta	QTL_SE	PP.H4.abf	protective_expression_direction	protective_direction_label	risk_expression_direction	risk_direction_label	target_weight	distance_filter
AD	Bellenguez_2021	EPHA1	EPHA1-AS1	ENSG00000229153.5	gene expression	GENCODE+Novel	ENSG00000229153.5	rs11771145	rs11765305	0.698822	0.0485	0.819565	0.0463371	0.999999603	-1.0	decrease	1.0	increase	14.408695310673526	PASS
AD	Bellenguez_2021	EPHA1	EPHA1-AS1	ENSG00000229153.5	gene expression	GENCODE	ENSG00000229153.5	rs11771145	rs11765305	0.631119	0.048	0.743772	0.0462988	0.999999603	-1.0	decrease	1.0	increase	13.148307280119937	PASS
AD	Bellenguez_2021	EPHA1	ZYX	ENSG00000159840.16	gene expression	GENCODE	ENSG00000159840.16	rs11771145	rs11765305	0.15266	0.0222	0.190838	0.0218014	0.999998542	-1.0	decrease	1.0	increase	6.876566550527928	PASS
AD	Bellenguez_2021	EPHA1	ZYX	ENSG00000159840.16	gene expression	GENCODE+Novel	ENSG00000159840.16	rs11771145	rs11765305	0.121117	0.0193	0.149322	0.0191927	0.999995603	-1.0	decrease	1.0	increase	6.275464634639948	PASS
AD	Bellenguez_2021	BIN1	BIN1	ENSG00000136717.15	gene expression	GENCODE	ENSG00000136717.15	rs6733839	rs6733839	0.139569	0.0235	0.139569	0.0234936	0.999914292	-1.0	decrease	1.0	increase	5.938597354048851	PASS
AD	Bellenguez_2021	EPHA1	TAS2R60	ENSG00000185899.1	gene expression	GENCODE+Novel	ENSG00000185899.1	rs11771145	rs11765305	0.221801	0.0492	0.288484	0.0493484	0.9998918	-1.0	decrease	1.0	increase	4.507662624630081	PASS
AD	Bellenguez_2021	PLCG2	RP11-960L18.1	ENSG00000261218.5	gene expression	GENCODE+Novel	ENSG00000261218.5	rs12446759	rs12444183	0.247837	0.0315	0.269836	0.0312144	0.999121997	-1.0	decrease	1.0	increase	7.860933281602826	PASS
AD	Bellenguez_2021	PLCG2	RP11-960L18.1	ENSG00000261218.5	gene expression	GENCODE	ENSG00000261218.5	rs12446759	rs12444183	0.25885	0.0346	0.264161	0.0345832	0.998977047	-1.0	decrease	1.0	increase	7.473560942657516	PASS
AD	Lambert_2013	BIN1	BIN1	ENSG00000136717.15	gene expression	GENCODE	ENSG00000136717.15	rs6733839	rs6733839	0.139569	0.0235	0.139569	0.0234936	0.998970317	-1.0	decrease	1.0	increase	5.932990986100979	PASS
AD	Bellenguez_2021	BIN1	CYP27C1	ENSG00000186684.14	gene expression	GENCODE	ENSG00000186684.14	rs6733839	rs6733839	0.206218	0.0398	0.206218	0.0398041	0.998687112	-1.0	decrease	1.0	increase	5.1745542427742715	PASS
AD	Lambert_2013	BIN1	CYP27C1	ENSG00000186684.14	gene expression	GENCODE+Novel	ENSG00000186684.14	rs6733839	rs4663105	0.237108	0.0456	0.243914	0.0458853	0.998554758	-1.0	decrease	1.0	increase	5.192221964032106	PASS
AD	Bellenguez_2021	BIN1	BIN1	ENSG00000136717.15	gene expression	GENCODE+Novel	ENSG00000136717.15	rs6733839	rs6733839	0.112006	0.0223	0.112006	0.0223102	0.99833726	-1.0	decrease	1.0	increase	5.014339154419731	PASS
AD	Lambert_2013	BIN1	CYP27C1	ENSG00000186684.14	gene expression	GENCODE	ENSG00000186684.14	rs6733839	rs6733839	0.206218	0.0398	0.206218	0.0398041	0.998325119	-1.0	decrease	1.0	increase	5.17267862788799	PASS
AD	Bellenguez_2021	BIN1	CYP27C1	ENSG00000186684.14	gene expression	GENCODE+Novel	ENSG00000186684.14	rs6733839	rs4663105	0.237108	0.0456	0.243914	0.0458853	0.997767232	-1.0	decrease	1.0	increase	5.188127036075789	PASS
AD	Bellenguez_2021	RASGEF1C	RASGEF1C	ENSG00000146090.16	gene expression	GENCODE+Novel	ENSG00000146090.16	rs113706587	rs111274391	-0.393427	0.0544	-0.393427	0.0543683	0.997078442	-1.0	decrease	1.0	increase	7.210984930160552	PASS
AD	Bellenguez_2021	RASGEF1C	novelGene_813		gene expression	GENCODE+Novel	novelGene_813	rs113706587	rs111274391	-0.462196	0.0589	-0.462196	0.0589148	0.997069282	-1.0	decrease	1.0	increase	7.82413300277202	PASS
AD	Bellenguez_2021	RASGEF1C	RASGEF1C	ENSG00000146090.16	gene expression	GENCODE	ENSG00000146090.16	rs113706587	rs111274391	-0.391259	0.0571	-0.391259	0.0570897	0.996618049	-1.0	decrease	1.0	increase	6.828997920029615	PASS
AD	Bellenguez_2021	EPHA1	AC093673.5	ENSG00000232533.1	gene expression	GENCODE+Novel	ENSG00000232533.1	rs11771145	rs11765305	0.127264	0.0297	0.152277	0.0302528	0.996382958	-1.0	decrease	1.0	increase	4.269484200906128	PASS
AD	Lambert_2013	BIN1	BIN1	ENSG00000136717.15	gene expression	GENCODE+Novel	ENSG00000136717.15	rs6733839	rs6733839	0.112006	0.0223	0.112006	0.0223102	0.995604245	-1.0	decrease	1.0	increase	5.000612065716144	PASS
AD	Bellenguez_2021	PLCG2	PLCG2_RP11-960L18.1_RN7SKP176		gene expression	GENCODE+Novel	ENSG00000197943.10_ENSG00000261218.5_ENSG00000260682.3	rs12446759	rs78104266	0.21071	0.0441	-0.26763	0.121557	0.993119429	1.0	increase	-1.0	decrease	4.745129135704989	PASS
AD	Bellenguez_2021	ECHDC3	USP6NL	ENSG00000148429.14	gene expression	GENCODE+Novel	ENSG00000148429.14	rs7912495	rs7920721	0.17409	0.0294	0.187451	0.0291758	0.986739805	-1.0	decrease	1.0	increase	5.842909273892857	PASS
AD	Lambert_2013	CASS4	CASS4	ENSG00000087589.17	gene expression	GENCODE	ENSG00000087589.17	rs7274581	rs56012565	0.320083	0.0516	0.396775	0.052456	0.983409927	-1.0	decrease	1.0	increase	6.100248055502733	PASS
AD	Bellenguez_2021	ECHDC3	USP6NL	ENSG00000148429.14	gene expression	GENCODE	ENSG00000148429.14	rs7912495	rs7920721	0.198325	0.0331	0.213361	0.0327445	0.983117097	-1.0	decrease	1.0	increase	5.890534690710726	PASS
AD	Bellenguez_2021	SIGLEC11	SIGLEC11	ENSG00000161640.15	gene expression	GENCODE	ENSG00000161640.15	rs9304690	rs9304690	0.33426	0.0348	0.33426	0.0348295	0.982241222	-1.0	decrease	1.0	increase	9.434596289244828	PASS
AD	Bellenguez_2021	EPHA1	CASP2	ENSG00000106144.20	gene expression	GENCODE+Novel	ENSG00000106144.20	rs11771145	rs11771145	0.151476	0.0307	0.151476	0.0306595	0.980530944	-1.0	decrease	1.0	increase	4.838009943757133	PASS
AD	Bellenguez_2021	CTSH	CTSH	ENSG00000103811.18	gene expression	GENCODE	ENSG00000103811.18	rs12592898	rs2289702	0.142692	0.0255	-0.213197	0.0271112	0.979826373	1.0	increase	-1.0	decrease	5.482877835926118	PASS
AD	Bellenguez_2021	SIGLEC11	SIGLEC11	ENSG00000161640.15	gene expression	GENCODE+Novel	ENSG00000161640.15	rs9304690	rs9304690	0.360069	0.0351	0.360069	0.0350898	0.974330169	-1.0	decrease	1.0	increase	9.99504528836641	PASS
AD	Bellenguez_2021	PLEKHA1	PLEKHA1	ENSG00000107679.14	gene expression	GENCODE+Novel	ENSG00000107679.14	rs7908662	rs10887151	-0.229681	0.0295	-0.237868	0.0293676	0.973750604	-1.0	decrease	1.0	increase	7.581424151773696	PASS
AD	Bellenguez_2021	PLEKHA1	PLEKHA1	ENSG00000107679.14	gene expression	GENCODE	ENSG00000107679.14	rs7908662	rs10887151	-0.270057	0.0337	-0.276123	0.0335916	0.973555419	-1.0	decrease	1.0	increase	7.801645572370416	PASS
AD	Lambert_2013	CASS4	CASS4	ENSG00000087589.17	gene expression	GENCODE+Novel	ENSG00000087589.17	rs7274581	rs56012565	0.368706	0.054	0.446993	0.0544635	0.973475773	-1.0	decrease	1.0	increase	6.646784414069222	PASS
AD	Bellenguez_2021	SCIMP	RABEP1	ENSG00000029725.17	gene expression	GENCODE	ENSG00000029725.17	rs7225151	rs61481506	0.270706	0.0469	0.31673	0.0481138	0.971720589	-1.0	decrease	1.0	increase	5.608754664516717	PASS
AD	Bellenguez_2021	EPHA1	AC093673.5	ENSG00000232533.1	gene expression	GENCODE	ENSG00000232533.1	rs11771145	rs11765305	0.175665	0.0491	0.205469	0.0496012	0.951354657	-1.0	decrease	1.0	increase	3.4036602000387983	PASS
AD	Bellenguez_2021	PICALM	PICALM	ENSG00000073921.18	gene expression	GENCODE+Novel	ENSG00000073921.18	rs3851179	rs3851179	-0.0805759	0.0197	-0.0805759	0.0196531	0.941694681	-1.0	decrease	1.0	increase	3.8516698703953254	PASS
AD	Bellenguez_2021	CR1	RP11-343H5.4	ENSG00000224114.1	gene expression	GENCODE	ENSG00000224114.1	rs679515	rs12037841	0.342318	0.0862	0.342318	0.0861561	0.933784472	-1.0	decrease	1.0	increase	3.7082509615556383	PASS
AD	Bellenguez_2021	CTSH	CTSH	ENSG00000103811.18	gene expression	GENCODE+Novel	ENSG00000103811.18	rs12592898	rs2289702	0.0984283	0.025	-0.157258	0.0266397	0.928819619	1.0	increase	-1.0	decrease	3.6568854441927074	PASS
AD	Bellenguez_2021	UMAD1	AC009473.1	ENSG00000234141.1	gene expression	GENCODE+Novel	ENSG00000234141.1	rs6943429	rs35795180	0.164639	0.0660508	-0.413024	0.160111	0.928546247	1.0	increase	-1.0	decrease	2.314505283203731	PASS
AD	Lambert_2013	PICALM	PICALM	ENSG00000073921.18	gene expression	GENCODE+Novel	ENSG00000073921.18	rs10792832	rs3851179	-0.0783263	0.0196	-0.0805759	0.0196531	0.917988833	-1.0	decrease	1.0	increase	3.6685035066432605	PASS
AD	Bellenguez_2021	EPDR1	GPR141	ENSG00000187037.9	gene expression	GENCODE	ENSG00000187037.9	rs6966331	rs188689993	-0.0604583	0.0423	-1.37561	0.225602	0.914047495	-1.0	decrease	1.0	increase	1.3064245311337708	PASS
AD	Bellenguez_2021	EPDR1	GPR141	ENSG00000187037.9	gene expression	GENCODE+Novel	ENSG00000187037.9	rs6966331	rs2597270	-0.119007	0.0425	-0.311589	0.0431383	0.909214686	-1.0	decrease	1.0	increase	2.5459508738071057	PASS
AD	Bellenguez_2021	SCIMP	ZNF232-AS1	ENSG00000234327.8	gene expression	GENCODE	ENSG00000234327.8	rs7225151	rs6502840	-0.358558	0.0577	-0.397613	0.0535199	0.899189128	-1.0	decrease	1.0	increase	5.58772019683577	PASS
AD	Bellenguez_2021	SCIMP	ZNF232-AS1	ENSG00000234327.8	gene expression	GENCODE+Novel	ENSG00000234327.8	rs7225151	rs6502840	-0.308839	0.0569	-0.342595	0.0529191	0.879589942	-1.0	decrease	1.0	increase	4.774194694153567	PASS
AD	Bellenguez_2021	EPHA1	CASP2	ENSG00000106144.20	gene expression	GENCODE	ENSG00000106144.20	rs11771145	rs11771145	0.112201	0.0284	0.112201	0.0284408	0.875623884	-1.0	decrease	1.0	increase	3.4593618101649293	PASS
AD	Lambert_2013	CR1	RP11-343H5.4	ENSG00000224114.1	gene expression	GENCODE	ENSG00000224114.1	rs6656401	rs12037841	0.342318	0.0862	0.342318	0.0861561	0.874070519	-1.0	decrease	1.0	increase	3.471114523469165	PASS
AD	Bellenguez_2021	RHOH	RHOH	ENSG00000168421.13	gene expression	GENCODE+Novel	ENSG00000168421.13	rs2245466	rs1053504	0.18303	0.042323	0.229385	0.0503726	0.872358023	-1.0	decrease	1.0	increase	3.7725985622401534	PASS
AD	Bellenguez_2021	EPHA1	EPHA1	ENSG00000146904.9	gene expression	GENCODE	ENSG00000146904.9	rs11771145	rs150845165	0.247688	0.0655	-0.892873	0.300771	0.857755717	1.0	increase	-1.0	decrease	3.243599969958717	PASS
AD	Bellenguez_2021	EPHA1	GSTK1	ENSG00000197448.14	gene expression	GENCODE	ENSG00000197448.14	rs11771145	rs4647342	0.144165	0.0263	-0.338204	0.0531129	0.857402737	1.0	increase	-1.0	decrease	4.699903634205513	PASS
AD	Bellenguez_2021	SHARPIN	RP11-661A12.8	ENSG00000279605.1	gene expression	GENCODE+Novel	ENSG00000279605.1	rs34173062	rs56081632	0.171677	0.0544	-0.161547	0.03724	0.852289513	1.0	increase	-1.0	decrease	2.689678432413621	PASS
AD	Bellenguez_2021	CR1	RP11-343H5.4	ENSG00000224114.1	gene expression	GENCODE+Novel	ENSG00000224114.1	rs679515	rs12037841	0.357598	0.0918	0.357598	0.0917589	0.843863503	-1.0	decrease	1.0	increase	3.2871884634618085	PASS
AD	Bellenguez_2021	SCIMP	RABEP1	ENSG00000029725.17	gene expression	GENCODE+Novel	ENSG00000029725.17	rs7225151	rs75368907	0.167055	0.0381	0.252785	0.0457944	0.841839195	-1.0	decrease	1.0	increase	3.691166580596457	PASS
AD	Bellenguez_2021	SHARPIN	RP11-661A12.8	ENSG00000279605.1	gene expression	GENCODE	ENSG00000279605.1	rs34173062	rs556028886	0.251355	0.0718	-0.494129	0.105333	0.832278769	1.0	increase	-1.0	decrease	2.9136132309470053	PASS
AD	Lambert_2013	SPI1	PSMC3	ENSG00000165916.9	gene expression	GENCODE	ENSG00000165916.9	rs10838725	rs2868459	-0.0693837	0.0315	0.112045	0.0231334	0.827476962	1.0	increase	-1.0	decrease	1.8226480408990284	PASS
AD	Lambert_2013	NME8	GPR141	ENSG00000187037.9	gene expression	GENCODE	ENSG00000187037.9	rs2718058	rs188689993	0.188567	0.041	-1.37561	0.225602	0.806865985	1.0	increase	-1.0	decrease	3.710934102280366	PASS
