pert_id	pert_iname	response_source	n_matched_isomiga_genes	n_protective_genes	n_opposing_genes	n_sig_protective_genes	n_sig_opposing_genes	frac_protective_genes	frac_sig_protective_genes	sum_abs_z_protective	sum_abs_z_sig_protective	mean_lincs_z_matched	min_n_signatures	net_sig_protective_genes	min_abs_z_threshold	clinical_phase	moa	target	disease_area	indication	original_rank	n_thp1_signatures	n_positive_conditions	frac_positive_conditions	median_condition_net	n_dose_levels	lowest_dose_positive	condition_consistency_assessed	condition_consistency_pass	condition_evidence	stress_p53_dna_damage	stress_apoptosis	stress_integrated_stress_upr	stress_heat_shock	stress_oxidative_stress	stress_cell_cycle_arrest	max_stress_module_score	frac_stress_signatures	annotated_cytotoxic_moa	cytotoxic_signature_similarity	stress_module_cutoff	cytotoxic_similarity_cutoff	stress_module_pass	cytotoxic_similarity_pass	stress_toxicity_filter_pass	stress_toxicity_filter_reason
BRD-K04623885	BIBR-1532	observed_thp1	13	10	3	6	0	0.7692307692307693	0.4615384615384615	11.388450168073176	10.19225013256073	-0.4512730839733894	1	6	1.0	Preclinical	telomerase inhibitor	TERT	not annotated		1	1.0	1.0	1.0	6.0	1.0	True	False	True	unreplicated_single_profile	0.52178746	0.13318498	0.75197995	-0.08880832	-0.13360001	0.26097858	0.75197995	0.0	True	-0.22752818	0.8985444247722632	0.5359419941902162	True	True	False	annotated_cytotoxic_moa
BRD-K18190982	COT-10b	observed_thp1	13	7	6	5	1	0.5384615384615384	0.3846153846153846	14.182300001382828	12.991999983787537	-0.034046145585867	1	4	1.0	not annotated	not annotated	not annotated	not annotated		2	1.0	1.0	1.0	4.0	1.0	True	False	True	unreplicated_single_profile	0.14135827	-0.55757	1.8733702	-1.0852	-0.32431433	1.1032857	1.8733702	1.0	False	0.538684	0.8985444247722632	0.5359419941902162	False	False	False	high_stress_module_score|cytotoxic_signature_similarity
BRD-K89014967	AS-703026	observed_thp1	13	6	7	6	3	0.4615384615384615	0.4615384615384615	10.37209158639113	10.37209158639113	0.5174609024125414	6	3	1.0	Phase 2	MEK inhibitor	MAP2K1|MAP2K2	not annotated		3	6.0	2.0	0.3333333333333333	-1.0	6.0	False	True	False	replicated_inconsistent	0.7897667	0.13856168	-0.7579158	0.5201959	1.3722929	2.7019012	2.7019012	1.0	False	0.25450826	0.8985444247722632	0.5359419941902162	False	True	False	inconsistent_or_high_dose_only|high_stress_module_score
BRD-A35588707	teniposide	observed_thp1	13	7	6	4	1	0.5384615384615384	0.3076923076923077	8.392500013113022	7.166650056838989	0.0026077020626802	1	3	1.0	Launched	topoisomerase inhibitor	TOP2A|TOP2B	hematologic malignancy	acute lymphoblastic leukemia (ALL)	4	1.0	1.0	1.0	3.0	1.0	True	False	True	unreplicated_single_profile	0.7010751	0.66871005	0.21750998	-1.6614748	0.30935	0.5651501	0.7010751	0.0	True	0.63424706	0.8985444247722632	0.5359419941902162	True	False	False	annotated_cytotoxic_moa|cytotoxic_signature_similarity
BRD-K01868942	RS-23597-190	observed_thp1	13	7	6	4	1	0.5384615384615384	0.3076923076923077	7.329400092363357	5.908950090408325	0.1100999988042391	1	3	1.0	Preclinical	serotonin receptor antagonist	HTR4	not annotated		5	1.0	1.0	1.0	3.0	1.0	True	False	True	unreplicated_single_profile	0.20109169	0.374075	-0.39376494	0.08756665	-0.24540713	0.00607144	0.374075	0.0	False	0.40921873	0.8985444247722632	0.5359419941902162	True	True	True	pass
BRD-K01779529	fluoropyruvate	observed_thp1	13	9	4	4	1	0.6923076923076923	0.3076923076923077	8.041299939155579	4.517099976539612	-0.5385922972972577	1	3	1.0	not annotated	not annotated	not annotated	not annotated		6	1.0	1.0	1.0	3.0	1.0	True	False	True	unreplicated_single_profile	0.5188083	-0.42132002	-0.18496999	0.0063500055	0.26375714	0.67662853	0.67662853	0.0	False	-0.3126615	0.8985444247722632	0.5359419941902162	True	True	True	pass
BRD-K93095519	SJ-172550	observed_thp1	13	7	6	3	0	0.5384615384615384	0.2307692307692307	5.264849968254566	4.18274998664856	0.1306692287325859	1	3	1.0	Preclinical	MDM inhibitor	MDM4	not annotated		7	1.0	1.0	1.0	3.0	1.0	True	False	True	unreplicated_single_profile	0.18922915	-0.16927502	-0.083574995	-0.03033334	0.107378565	0.41245002	0.41245002	0.0	True	-0.30125278	0.8985444247722632	0.5359419941902162	True	True	False	annotated_cytotoxic_moa
BRD-A98248982	BRD-A98248982	observed_thp1	13	6	7	3	0	0.4615384615384615	0.2307692307692307	5.729499861598015	4.132599830627441	0.0932154070872526	1	3	1.0	not annotated	not annotated	not annotated	not annotated		8	1.0	1.0	1.0	3.0	1.0	True	False	True	unreplicated_single_profile	-0.034974974	-0.011424994	-0.7359301	-0.2580916	0.30235714	-0.20182143	0.30235714	0.0	False	-0.021312077	0.8985444247722632	0.5359419941902162	True	True	True	pass
BRD-K30677119	PP-30	observed_thp1	13	6	7	3	0	0.4615384615384615	0.2307692307692307	4.779749929904938	3.9722999334335327	0.280434617629418	1	3	1.0	not annotated	not annotated	not annotated	not annotated		9	1.0	1.0	1.0	3.0	1.0	True	False	True	unreplicated_single_profile	0.43109998	0.0029050247	-0.846825	-0.44635	0.4405	0.7140571	0.7140571	0.0	False	0.112061895	0.8985444247722632	0.5359419941902162	True	True	True	pass
BRD-K75532464	FTI-276	observed_thp1	13	10	3	3	0	0.7692307692307693	0.2307692307692307	7.317199911922216	3.9341999292373657	-0.2853499900263089	1	3	1.0	not annotated	not annotated	not annotated	not annotated		10	1.0	1.0	1.0	3.0	1.0	True	False	True	unreplicated_single_profile	-0.08024583	0.016610006	-0.398085	0.7207584	-0.5086428	-0.15141429	0.7207584	0.0	False	-0.20098895	0.8985444247722632	0.5359419941902162	True	True	True	pass
BRD-K71799778	BML-259	observed_thp1	13	8	5	3	0	0.6153846153846154	0.2307692307692307	6.212000101804733	3.8935000896453857	-0.1887538451701402	1	3	1.0	not annotated	not annotated	not annotated	not annotated		11	1.0	1.0	1.0	3.0	1.0	True	False	True	unreplicated_single_profile	-0.34103343	-0.47054	0.19572003	0.21625002	-0.49347144	-0.6001714	0.21625002	0.0	False	-0.067380965	0.8985444247722632	0.5359419941902162	True	True	True	pass
BRD-K16701932	Gly-Gly-PALO	observed_thp1	13	5	8	3	0	0.3846153846153846	0.2307692307692307	4.535099908709526	3.83614993095398	-0.2640846073627472	1	3	1.0	not annotated	not annotated	not annotated	not annotated		12	1.0	1.0	1.0	3.0	1.0	True	False	True	unreplicated_single_profile	-0.22475834	-0.15932001	-0.081679985	0.080125	-0.60497856	-0.3219857	0.080125	0.0	False	-0.20682171	0.8985444247722632	0.5359419941902162	True	True	True	pass
BRD-K57080016	selumetinib	observed_thp1	13	7	6	3	0	0.5384615384615384	0.2307692307692307	4.999611289093369	3.5828578711340304	0.2260739480103799	19	3	1.0	Phase 3	MEK inhibitor	MAP2K1	not annotated		13	19.0	10.0	0.5263157894736842	1.0	12.0	True	True	False	replicated_inconsistent	0.535659	0.2208326	-0.31184533	0.042141203	0.41580263	1.1641777	1.1641777	0.5789473684210527	False	0.5777223	0.8985444247722632	0.5359419941902162	False	False	False	inconsistent_or_high_dose_only|high_stress_module_score|cytotoxic_signature_similarity
BRD-K37694030	doxepin	observed_thp1	13	9	4	3	0	0.6923076923076923	0.2307692307692307	5.120233282679692	3.441683329641819	-0.2431051306701146	6	3	1.0	Launched	histamine receptor antagonist	HRH1|SLC6A2|SLC6A4	neurology/psychiatry	depression|anxiety	14	6.0	4.0	0.6666666666666666	2.0	6.0	True	True	True	replicated_consistent	0.45049167	0.16894834	0.17284	0.6378361	-0.22719525	-0.0746476	0.6378361	0.3333333333333333	False	0.41902372	0.8985444247722632	0.5359419941902162	True	True	True	pass
BRD-K73395020	ARP-101	observed_thp1	13	7	6	4	2	0.5384615384615384	0.3076923076923077	7.807899869978428	7.35919988155365	-0.1017153778901467	1	2	1.0	not annotated	not annotated	not annotated	not annotated		15	1.0	1.0	1.0	2.0	1.0	True	False	True	unreplicated_single_profile	0.9039168	-0.16502999	-0.12479	-0.22084999	-0.67027146	0.4888286	0.9039168	0.0	False	-0.123325825	0.8985444247722632	0.5359419941902162	False	True	False	high_stress_module_score
BRD-A73680854	PT-630	observed_thp1	13	6	7	4	2	0.4615384615384615	0.3076923076923077	8.439399898052216	7.355899930000305	-0.4616153813325442	1	2	1.0	not annotated	not annotated	not annotated	not annotated		16	1.0	1.0	1.0	2.0	1.0	True	False	True	unreplicated_single_profile	0.32752502	0.5131	0.01939999	0.5574333	0.30071428	-0.67414284	0.5574333	0.0	False	-0.2772899	0.8985444247722632	0.5359419941902162	True	True	True	pass
BRD-A13122391	triptolide	observed_thp1	13	9	4	4	2	0.6923076923076923	0.3076923076923077	9.923849865794182	6.945499897003174	0.2264423198424852	1	2	1.0	Phase 3	RNA polymerase inhibitor	RELA	not annotated		17	1.0	1.0	1.0	2.0	1.0	True	False	True	unreplicated_single_profile	-0.0797875	-0.78795505	-0.543455	-0.43904164	-0.3045428	-0.40721425	-0.0797875	0.0	True	0.2748556	0.8985444247722632	0.5359419941902162	True	True	False	annotated_cytotoxic_moa
BRD-A09533288	verapamil	observed_thp1	13	8	5	4	2	0.6153846153846154	0.3076923076923077	7.732700064778328	6.350300073623657	-0.4366692442160386	1	2	1.0	Launched	calcium channel blocker	CACNA1A|CACNA1B|CACNA1C|CACNA1D|CACNA1F|CACNA1G|CACNA1I|CACNA1S|CACNB1|CACNB2|CACNB3|CACNB4|CYP3A4|KCNA10|KCNA7|KCNH2|KCNJ11|NALCN|SCN5A|SLC29A4|SLC6A4	cardiology	hypertension	18	1.0	1.0	1.0	2.0	1.0	True	False	True	unreplicated_single_profile	1.2021667	1.2684801	0.21308002	0.20373334	0.36627144	-0.07047142	1.2684801	1.0	False	-0.15894763	0.8985444247722632	0.5359419941902162	False	True	False	high_stress_module_score
BRD-K59325863	delanzomib	observed_thp1	13	5	8	4	2	0.3846153846153846	0.3076923076923077	6.780150040984154	6.122850030660629	0.1655346189553921	2	2	1.0	Phase 1/Phase 2	proteasome inhibitor	CMA1|CTSG|CYP3A4|ELANE	not annotated		19	2.0	1.0	0.5	-1.0	2.0	True	True	False	replicated_inconsistent	2.013625	1.914355	1.1245248	2.0237668	2.3367858	1.7155784	2.3367858	0.5	True	0.6742259	0.8985444247722632	0.5359419941902162	False	False	False	inconsistent_or_high_dose_only|annotated_cytotoxic_moa|high_stress_module_score|cytotoxic_signature_similarity
BRD-K15108141	gemcitabine	observed_thp1	13	8	5	4	2	0.6153846153846154	0.3076923076923077	7.660067858389365	5.895879338567074	0.2529952032216025	13	2	1.0	Launched	ribonucleotide reductase inhibitor	CMPK1|RRM1|RRM2|TYMS	oncology	ovarian cancer|breast cancer|non-small cell lung cancer (NSCLC)|pancreatic cancer	20	13.0	9.0	0.6923076923076923	2.0	13.0	True	True	True	replicated_consistent	1.5730131	1.2323494	0.6730456	-0.6936569	0.8263236	1.652625	1.652625	0.9230769230769231	True	0.845226	0.8985444247722632	0.5359419941902162	False	False	False	annotated_cytotoxic_moa|high_stress_module_score|cytotoxic_signature_similarity
BRD-K83354763	BRD-K83354763	observed_thp1	13	8	5	3	1	0.6153846153846154	0.2307692307692307	8.325700114481151	6.471000075340271	-0.0577692236894598	1	2	1.0	not annotated	not annotated	not annotated	not annotated		21	1.0	1.0	1.0	2.0	1.0	True	False	True	unreplicated_single_profile	0.22599167	0.17225	-0.24353	1.7095332	1.6515999	0.23894286	1.7095332	1.0	False	-0.058272768	0.8985444247722632	0.5359419941902162	False	True	False	high_stress_module_score
BRD-K53903639	CHEMBL-1222381	observed_thp1	13	7	6	3	1	0.5384615384615384	0.2307692307692307	8.008949875831604	5.749599933624268	-0.4020192302190341	1	2	1.0	not annotated	not annotated	not annotated	not annotated		22	1.0	1.0	1.0	2.0	1.0	True	False	True	unreplicated_single_profile	-0.030004159	-0.34271	-0.03652998	0.10469168	-0.8227429	0.30750713	0.30750713	0.0	False	-0.075706184	0.8985444247722632	0.5359419941902162	True	True	True	pass
BRD-A36275421	BRD-A36275421	observed_thp1	13	7	6	3	1	0.5384615384615384	0.2307692307692307	6.5998000502586365	5.168850064277649	-0.0164538713601919	1	2	1.0	not annotated	not annotated	not annotated	not annotated		23	1.0	1.0	1.0	2.0	1.0	True	False	True	unreplicated_single_profile	0.7182167	0.022495007	0.13440499	3.4858248	3.0189717	1.0123215	3.4858248	1.0	False	0.69193935	0.8985444247722632	0.5359419941902162	False	False	False	high_stress_module_score|cytotoxic_signature_similarity
BRD-K93176058	AC-55649	observed_thp1	13	7	6	3	1	0.5384615384615384	0.2307692307692307	6.286600098013878	4.734500050544739	-0.1675346207160216	1	2	1.0	Preclinical	retinoid receptor agonist	RARA|RARB	not annotated		24	1.0	1.0	1.0	2.0	1.0	True	False	True	unreplicated_single_profile	0.11137498	0.55113506	-0.03297501	0.46906665	0.29582146	-0.095649995	0.55113506	0.0	False	-0.1057735	0.8985444247722632	0.5359419941902162	True	True	True	pass
BRD-K12762134	XAV-939	observed_thp1	13	6	7	3	1	0.4615384615384615	0.2307692307692307	5.911100007593632	4.468999981880188	0.8019923103543428	1	2	1.0	Preclinical	tankyrase inhibitor	TNKS|TNKS2	not annotated		25	1.0	1.0	1.0	2.0	1.0	True	False	True	unreplicated_single_profile	0.052625004	-0.070799984	0.112709984	0.21893334	-0.22182858	-0.49277145	0.21893334	0.0	False	-0.060170867	0.8985444247722632	0.5359419941902162	True	True	True	pass
BRD-A19500257	geldanamycin	observed_thp1	13	7	6	3	1	0.5384615384615384	0.2307692307692307	7.276099920272827	4.442499876022339	-0.0952038260606619	1	2	1.0	Preclinical	HSP inhibitor	HSP90AA1	not annotated		26	1.0	1.0	1.0	2.0	1.0	True	False	True	unreplicated_single_profile	0.15868756	0.435795	0.86871004	3.758875	1.7777071	-0.17196427	3.758875	1.0	True	0.52382433	0.8985444247722632	0.5359419941902162	False	True	False	annotated_cytotoxic_moa|high_stress_module_score
BRD-K55395145	pemetrexed	observed_thp1	13	9	4	3	1	0.6923076923076923	0.2307692307692307	7.241299957036972	4.442099928855896	-0.0414461482029694	1	2	1.0	Launched	dihydrofolate reductase inhibitor|thymidylate synthase inhibitor	ATIC|DHFR|GART|TYMS	oncology	non-small cell lung cancer (NSCLC)|mesothelioma	27	1.0	1.0	1.0	2.0	1.0	True	False	True	unreplicated_single_profile	-0.44872501	-0.028849995	-0.27521	0.10115	-0.41137144	-0.63951427	0.10115	0.0	True	-0.1161878	0.8985444247722632	0.5359419941902162	True	True	False	annotated_cytotoxic_moa
BRD-K96123349	brequinar	observed_thp1	13	7	6	3	1	0.5384615384615384	0.2307692307692307	5.322216719699402	4.352654226124287	-0.0826605786688816	12	2	1.0	Phase 2	dihydroorotate dehydrogenase inhibitor	DHODH	not annotated		28	12.0	6.0	0.5	0.5	12.0	False	True	False	replicated_inconsistent	1.2418907	1.2082599	-0.6188617	1.7676979	0.5423315	0.7222095	1.7676979	0.5833333333333334	False	0.44537723	0.8985444247722632	0.5359419941902162	False	True	False	inconsistent_or_high_dose_only|high_stress_module_score
BRD-K27316855	calcitriol	observed_thp1	13	8	5	3	1	0.6153846153846154	0.2307692307692307	7.475499911233783	4.208599925041199	-0.2861692276425086	1	2	1.0	Launched	vitamin D receptor agonist	VDR	endocrinology|orthopedics	hypocalcemia|hypoparathyroidism|osteoporosis	29	1.0	1.0	1.0	2.0	1.0	True	False	True	unreplicated_single_profile	-0.43664995	-0.81350005	-0.33461002	-0.64648336	-0.22959998	0.33624288	0.33624288	0.0	False	-0.34469053	0.8985444247722632	0.5359419941902162	True	True	True	pass
BRD-K71726959	BRD-K71726959	observed_thp1	13	9	4	3	1	0.6923076923076923	0.2307692307692307	7.046299979090691	4.183849930763245	-0.3344499927300673	1	2	1.0	not annotated	not annotated	not annotated	not annotated		30	1.0	1.0	1.0	2.0	1.0	True	False	True	unreplicated_single_profile	-0.4571958	-0.64281	-0.054990005	0.64225	0.42759284	-0.40145713	0.64225	0.0	False	0.152826	0.8985444247722632	0.5359419941902162	True	True	True	pass
BRD-K87947369	tozasertib	observed_thp1	13	10	3	3	1	0.7692307692307693	0.2307692307692307	6.5776000916957855	4.171150088310242	-0.0618615448474884	1	2	1.0	Phase 2	Aurora kinase inhibitor|Bcr-Abl kinase inhibitor|FLT3 inhibitor|JAK inhibitor	AURKA|AURKB|AURKC|LCK	not annotated		31	1.0	1.0	1.0	2.0	1.0	True	False	True	unreplicated_single_profile	0.27540833	0.255705	0.35185504	0.46354166	0.19722858	0.19015716	0.46354166	0.0	True	0.15280089	0.8985444247722632	0.5359419941902162	True	True	False	annotated_cytotoxic_moa
BRD-K56334280	amonafide	observed_thp1	13	7	6	3	1	0.5384615384615384	0.2307692307692307	5.91954170105358	4.075166709721088	0.0186256378029401	6	2	1.0	Phase 3	topoisomerase inhibitor	TOP2A|TOP2B	not annotated		32	6.0	5.0	0.8333333333333334	2.0	6.0	True	True	True	replicated_consistent	0.3315222	0.40949497	0.22592334	0.11659304	-0.3665131	0.11801549	0.40949497	0.16666666666666666	True	0.72758746	0.8985444247722632	0.5359419941902162	True	False	False	annotated_cytotoxic_moa|cytotoxic_signature_similarity
BRD-K52836380	AZD-7545	observed_thp1	13	5	8	3	1	0.3846153846153846	0.2307692307692307	4.3780500292778015	4.032400012016296	-0.2718346233551318	1	2	1.0	not annotated	not annotated	not annotated	not annotated		33	1.0	1.0	1.0	2.0	1.0	True	False	True	unreplicated_single_profile	0.16370834	-0.03335499	0.7012199	-1.6132584	0.23022856	0.6764572	0.7012199	0.0	False	0.24067108	0.8985444247722632	0.5359419941902162	True	True	True	pass
BRD-K79382620	BRD-K79382620	observed_thp1	13	7	6	3	1	0.5384615384615384	0.2307692307692307	6.202149838209152	3.970499873161316	-0.0852999927905889	1	2	1.0	not annotated	not annotated	not annotated	not annotated		34	1.0	1.0	1.0	2.0	1.0	True	False	True	unreplicated_single_profile	0.03983334	0.0013150137	-0.43402004	0.69055825	-0.2165357	-0.10445003	0.69055825	0.0	False	-0.33190826	0.8985444247722632	0.5359419941902162	True	True	True	pass
BRD-K10882151	BRD-K10882151	observed_thp1	13	6	7	3	1	0.4615384615384615	0.2307692307692307	5.452199906110764	3.8963499069213863	-0.364696143911435	1	2	1.0	not annotated	not annotated	not annotated	not annotated		35	1.0	1.0	1.0	2.0	1.0	True	False	True	unreplicated_single_profile	-0.045691658	-0.04302001	0.78999	2.4797332	1.8177929	0.17522858	2.4797332	1.0	False	-0.38760185	0.8985444247722632	0.5359419941902162	False	True	False	high_stress_module_score
BRD-K14329163	BRD-K14329163	observed_thp1	13	6	7	3	1	0.4615384615384615	0.2307692307692307	5.5867999792099	3.880800008773804	0.0329769288118069	1	2	1.0	not annotated	not annotated	not annotated	not annotated		36	1.0	1.0	1.0	2.0	1.0	True	False	True	unreplicated_single_profile	-0.4136583	-0.65229	-0.25096998	0.32403335	0.2651714	-0.95525706	0.32403335	0.0	False	-0.10396763	0.8985444247722632	0.5359419941902162	True	True	True	pass
BRD-K00615600	AG-14361	observed_thp1	13	12	1	2	0	0.9230769230769232	0.1538461538461538	6.364800229668616	3.238600134849548	-0.2819769290777353	1	2	1.0	Preclinical	PARP inhibitor	PARP1	not annotated		37	1.0	1.0	1.0	2.0	1.0	True	False	True	unreplicated_single_profile	-0.15203334	-0.19572999	-0.18219498	0.16413333	-0.33145714	0.13650002	0.16413333	0.0	False	-0.021050345	0.8985444247722632	0.5359419941902162	True	True	True	pass
BRD-K13094524	PFI-1	observed_thp1	13	3	10	2	0	0.2307692307692307	0.1538461538461538	2.938116356730461	2.9323442727327347	-0.1197344575745937	6	2	1.0	Preclinical	bromodomain inhibitor	BRD4	not annotated		38	6.0	2.0	0.3333333333333333	-1.0	6.0	False	True	False	replicated_inconsistent	1.134663	0.13162413	-1.1300257	0.26169783	0.38797498	1.8124914	1.8124914	0.6666666666666666	False	0.38892686	0.8985444247722632	0.5359419941902162	False	True	False	inconsistent_or_high_dose_only|high_stress_module_score
BRD-K88573743	A-443654	observed_thp1	13	9	4	2	0	0.6923076923076923	0.1538461538461538	6.867972663044929	2.7764571130275724	-0.2595760176531397	10	2	1.0	not annotated	not annotated	not annotated	not annotated		39	10.0	8.0	0.8	3.0	6.0	True	True	True	replicated_consistent	-0.20112579	-0.11810565	-0.1842595	-0.8789902	-0.31593162	-0.5095731	-0.11810565	0.1	False	0.49868438	0.8985444247722632	0.5359419941902162	True	True	True	pass
BRD-K49456190	prima-1-met	observed_thp1	13	6	7	2	0	0.4615384615384615	0.1538461538461538	3.163900062441826	2.6188000440597534	0.1041423070889252	1	2	1.0	not annotated	not annotated	not annotated	not annotated		40	1.0	1.0	1.0	2.0	1.0	True	False	True	unreplicated_single_profile	-0.215825	-0.29442	0.063275	0.52334166	-0.27729288	-0.1457	0.52334166	0.0	False	-0.029327873	0.8985444247722632	0.5359419941902162	True	True	True	pass
BRD-K16406336	methylene-blue	observed_thp1	13	8	5	2	0	0.6153846153846154	0.1538461538461538	5.698400065302849	2.6163500547409058	-0.398530774964736	1	2	1.0	Launched	guanylyl cyclase inhibitor|nitric oxide production inhibitor	ACHE	hematology	methemoglobinemia	41	1.0	1.0	1.0	2.0	1.0	True	False	True	unreplicated_single_profile	0.06549168	-0.416435	-0.22549501	-0.53936666	-0.15862857	-0.07477856	0.06549168	0.0	False	-0.06985151	0.8985444247722632	0.5359419941902162	True	True	True	pass
BRD-K42828737	sunitinib	observed_thp1	13	8	5	2	0	0.6153846153846154	0.1538461538461538	4.69993057847023	2.5975599214434624	0.2269305073990462	6	2	1.0	Launched	FLT3 inhibitor|KIT inhibitor|PDGFR tyrosine kinase receptor inhibitor|RET tyrosine kinase inhibitor|VEGFR inhibitor	CSF1R|FGFR1|FLT1|FLT3|FLT4|KDR|KIT|PDGFRA|PDGFRB|RET	oncology	gastrointestinal stromal tumors (GIST)|renal cell carcinoma (RCC)|neuroendocrine tumors of pancreatic origin (PNET)	42	6.0	3.0	0.5	1.0	6.0	False	True	False	replicated_inconsistent	0.38826862	0.22315173	-0.5602148	-0.5365171	0.16351207	0.5206493	0.5206493	0.16666666666666666	False	0.6229304	0.8985444247722632	0.5359419941902162	True	False	False	inconsistent_or_high_dose_only|cytotoxic_signature_similarity
BRD-K86682249	BRD-K86682249	observed_thp1	13	6	7	2	0	0.4615384615384615	0.1538461538461538	3.3715000115334983	2.529399991035461	-0.1102461582766129	1	2	1.0	not annotated	not annotated	not annotated	not annotated		43	1.0	1.0	1.0	2.0	1.0	True	False	True	unreplicated_single_profile	-0.11818334	-0.13183999	-0.034534987	-0.13699166	0.28245	0.59415716	0.59415716	0.0	False	0.0173972	0.8985444247722632	0.5359419941902162	True	True	True	pass
BRD-A70449690	forskolin	observed_thp1	13	6	7	2	0	0.4615384615384615	0.1538461538461538	5.046449974179268	2.462799906730652	-0.1564769211869973	1	2	1.0	Launched	adenylyl cyclase activator	ADCY2|ADCY5|GNAS	not annotated		44	1.0	1.0	1.0	2.0	1.0	True	False	True	unreplicated_single_profile	0.4085708	0.37971002	0.024304997	-0.20271666	-0.06335715	0.22247145	0.4085708	0.0	False	-0.008440581	0.8985444247722632	0.5359419941902162	True	True	True	pass
BRD-K96354014	nifedipine	observed_thp1	13	8	5	2	0	0.6153846153846154	0.1538461538461538	6.052349805831909	2.3676998615264893	-0.2961961327550503	1	2	1.0	Launched	calcium channel blocker	CACNA1C|CACNA1D|CACNA1F|CACNA1H|CACNA1S|CACNA2D1|CACNB2|CALM1|GLRA1|GLRA3|GLRB|KCNA1|KCNA5|NR1I2|TRPM3	cardiology	vasospastic angina|chronic stable angina	45	1.0	1.0	1.0	2.0	1.0	True	False	True	unreplicated_single_profile	-0.20618336	-0.12506	-0.24796501	-0.31842497	-0.25530002	0.060650002	0.060650002	0.0	False	-0.007271305	0.8985444247722632	0.5359419941902162	True	True	True	pass
BRD-K02407574	parbendazole	observed_thp1	13	6	7	2	0	0.4615384615384615	0.1538461538461538	3.4902999699115758	2.2863999605178837	-0.2132269189907954	1	2	1.0	Preclinical	tubulin polymerization inhibitor	TUBB	not annotated		46	1.0	1.0	1.0	2.0	1.0	True	False	True	unreplicated_single_profile	-0.00963331	-0.008535003	-0.19445	0.0043500015	0.5436714	0.2948	0.5436714	0.0	True	-0.07355823	0.8985444247722632	0.5359419941902162	True	True	False	annotated_cytotoxic_moa
BRD-A63646118	fumonisin-b1	observed_thp1	13	8	5	2	0	0.6153846153846154	0.1538461538461538	5.146800011396408	2.25220000743866	-0.0503076968284753	1	2	1.0	Preclinical	not annotated	CERS1	not annotated		47	1.0	1.0	1.0	2.0	1.0	True	False	True	unreplicated_single_profile	-0.270525	-0.3171	0.034029998	-0.2227	-0.61681426	-0.23708574	0.034029998	0.0	False	-0.16037075	0.8985444247722632	0.5359419941902162	True	True	True	pass
BRD-K02389548	RG-2833	observed_thp1	13	7	6	2	0	0.5384615384615384	0.1538461538461538	4.507296414424975	2.2375787558654947	-0.0773451020702337	6	2	1.0	not annotated	not annotated	not annotated	not annotated		48	6.0	4.0	0.6666666666666666	1.5	6.0	True	True	True	replicated_consistent	0.66007036	0.40731612	-0.5918698	0.46994075	0.73895746	0.8838248	0.8838248	0.8333333333333334	False	0.25232658	0.8985444247722632	0.5359419941902162	True	True	True	pass
BRD-K35716340	BRD-K35716340	observed_thp1	13	6	7	2	0	0.4615384615384615	0.1538461538461538	3.526800036430359	2.2210500240325928	-0.1763192415237426	1	2	1.0	not annotated	not annotated	not annotated	not annotated		49	1.0	1.0	1.0	2.0	1.0	True	False	True	unreplicated_single_profile	-0.22786248	-0.10670002	-0.157695	-0.8116916	-0.4918429	-0.50930715	-0.10670002	0.0	False	0.010978156	0.8985444247722632	0.5359419941902162	True	True	True	pass
BRD-K13049116	BMS-754807	observed_thp1	13	7	6	2	0	0.5384615384615384	0.1538461538461538	4.455000087618828	2.057950019836426	-0.2485961570189549	1	2	1.0	Phase 2	IGF-1 inhibitor	AKT1|IGF1R	not annotated		50	1.0	1.0	1.0	2.0	1.0	True	False	True	unreplicated_single_profile	0.08437083	0.008785012	-0.34262502	0.17395	0.48394284	0.32037142	0.48394284	0.0	False	-0.20173682	0.8985444247722632	0.5359419941902162	True	True	True	pass
BRD-K99475619	genz-644282	observed_thp1	13	7	6	5	4	0.5384615384615384	0.3846153846153846	12.931913528591394	12.041971381753685	0.6523422334247674	12	1	1.0	Phase 1	topoisomerase inhibitor	TOP1	not annotated		51	12.0	8.0	0.6666666666666666	1.5	12.0	False	True	False	replicated_inconsistent	2.7987633	2.075949	1.1742281	-1.3178777	1.4729695	2.223601	2.7987633	0.9166666666666666	True	0.8594774	0.8985444247722632	0.5359419941902162	False	False	False	inconsistent_or_high_dose_only|annotated_cytotoxic_moa|high_stress_module_score|cytotoxic_signature_similarity
BRD-K99818283	PIK-90	observed_thp1	13	7	6	4	3	0.5384615384615384	0.3076923076923077	7.366399884223938	5.922049880027771	0.2515730857849121	1	1	1.0	not annotated	not annotated	not annotated	not annotated		52	1.0	1.0	1.0	1.0	1.0	True	False	True	unreplicated_single_profile	0.40467918	0.5114151	-0.359945	-0.4295667	-0.46094283	0.13217857	0.5114151	0.0	False	0.3952213	0.8985444247722632	0.5359419941902162	True	True	True	pass
BRD-K37890730	camptothecin	observed_thp1	13	7	6	4	3	0.5384615384615384	0.3076923076923077	7.624188652882974	5.666413981467485	0.5227092981983262	12	1	1.0	Phase 3	topoisomerase inhibitor	TOP1	not annotated		53	12.0	6.0	0.5	0.5	12.0	False	True	False	replicated_inconsistent	2.5834157	1.7135997	0.77074283	-0.81880003	1.3564764	2.4585907	2.5834157	1.0	True	0.8665703	0.8985444247722632	0.5359419941902162	False	False	False	inconsistent_or_high_dose_only|annotated_cytotoxic_moa|high_stress_module_score|cytotoxic_signature_similarity
BRD-K03390685	cobimetinib	observed_thp1	13	6	7	4	3	0.4615384615384615	0.3076923076923077	5.942762331002288	5.378790496952004	0.451729799943188	18	1	1.0	Launched	MEK inhibitor	MAP2K1	oncology	melanoma	54	18.0	5.0	0.2777777777777778	0.0	11.0	False	True	False	replicated_inconsistent	0.66805416	0.2232261	-0.2770127	-0.16808894	0.31930923	1.3643556	1.3643556	0.6666666666666666	False	0.5949338	0.8985444247722632	0.5359419941902162	False	False	False	inconsistent_or_high_dose_only|high_stress_module_score|cytotoxic_signature_similarity
BRD-K56957086	dacinostat	observed_thp1	13	5	8	3	2	0.3846153846153846	0.2307692307692307	7.2417584508657455	6.7079334159692126	-0.5065429546953871	6	1	1.0	Phase 1	HDAC inhibitor	HDAC1|HDAC2|HDAC3|HDAC4|HDAC5|HDAC6|HDAC7|HDAC8|HDAC9	not annotated		55	6.0	1.0	0.16666666666666666	-0.5	6.0	False	True	False	replicated_inconsistent	1.2303243	-0.037559155	-0.45340744	-0.41444302	1.4635773	1.302925	1.4635773	1.0	False	0.429106	0.8985444247722632	0.5359419941902162	False	True	False	inconsistent_or_high_dose_only|high_stress_module_score
BRD-K37687095	AZD-8330	observed_thp1	13	7	6	3	2	0.5384615384615384	0.2307692307692307	8.4139833599329	6.103783314426741	0.3218897443073682	6	1	1.0	not annotated	not annotated	not annotated	not annotated		56	6.0	4.0	0.6666666666666666	1.0	6.0	True	True	True	replicated_consistent	1.162011	0.30220833	-1.2856916	-0.28655276	0.89456195	2.1989334	2.1989334	1.0	False	0.4944944	0.8985444247722632	0.5359419941902162	False	True	False	high_stress_module_score
BRD-K01877528	TL-HRAS-61	observed_thp1	13	5	8	3	2	0.3846153846153846	0.2307692307692307	6.4456001073122025	5.616900086402893	-0.0737999895444283	1	1	1.0	not annotated	not annotated	not annotated	not annotated		57	1.0	1.0	1.0	1.0	1.0	True	False	True	unreplicated_single_profile	-0.41268334	-0.45763007	-0.47822	-0.56315	0.2529	-0.14909999	0.2529	0.0	False	0.0072739976	0.8985444247722632	0.5359419941902162	True	True	True	pass
BRD-A36630025	SN-38	observed_thp1	13	6	7	3	2	0.4615384615384615	0.2307692307692307	7.490250110626221	5.32040011882782	-0.0262192441866947	1	1	1.0	Launched	topoisomerase inhibitor	TOP1	oncology	colorectal cancer	58	1.0	1.0	1.0	1.0	1.0	True	False	True	unreplicated_single_profile	0.7719333	0.7191349	0.17528498	0.010166665	0.29398575	0.8705929	0.8705929	0.0	True	0.57618594	0.8985444247722632	0.5359419941902162	True	False	False	annotated_cytotoxic_moa|cytotoxic_signature_similarity
BRD-A79465854	auranofin	observed_thp1	13	5	8	3	2	0.3846153846153846	0.2307692307692307	6.26375013589859	5.0663001537323	0.2776653812481807	1	1	1.0	Launched	NFkB pathway inhibitor	IKBKB|PRDX5|TRPA1	rheumatology	rheumatoid arthritis	59	1.0	1.0	1.0	1.0	1.0	True	False	True	unreplicated_single_profile	1.0285667	0.344995	1.2014802	3.4433582	1.7241213	1.2750643	3.4433582	1.0	False	0.2772118	0.8985444247722632	0.5359419941902162	False	True	False	high_stress_module_score
BRD-K52233191	R-547	observed_thp1	13	8	5	3	2	0.6153846153846154	0.2307692307692307	6.956249937415123	4.514791630208492	0.3659474566960946	6	1	1.0	not annotated	not annotated	not annotated	not annotated		60	6.0	5.0	0.8333333333333334	1.5	6.0	True	True	True	replicated_consistent	0.3009361	0.38397503	0.11713665	-0.08558612	0.16773331	0.1793286	0.38397503	0.16666666666666666	False	0.69839454	0.8985444247722632	0.5359419941902162	True	False	False	cytotoxic_signature_similarity
BRD-K81651477	parthenolide	observed_thp1	13	5	8	3	2	0.3846153846153846	0.2307692307692307	5.120000004768372	4.163800001144409	0.5996461470539753	1	1	1.0	Phase 1	NFkB pathway inhibitor	not annotated	not annotated		61	1.0	1.0	1.0	1.0	1.0	True	False	True	unreplicated_single_profile	0.9485917	0.26421	0.27414998	1.8728002	3.4903283	0.7954286	3.4903283	1.0	False	0.10072198	0.8985444247722632	0.5359419941902162	False	True	False	high_stress_module_score
BRD-A56359832	zileuton	observed_thp1	13	8	5	3	2	0.6153846153846154	0.2307692307692307	5.803199946880341	3.8329999446868896	-0.0666076838970184	1	1	1.0	Launched	leukotriene synthesis inhibitor|lipoxygenase inhibitor	ALOX5	pulmonary	asthma	62	1.0	1.0	1.0	1.0	1.0	True	False	True	unreplicated_single_profile	0.12438333	0.10643001	-0.4805099	-0.11041665	0.46192858	0.30611426	0.46192858	0.0	False	0.18166962	0.8985444247722632	0.5359419941902162	True	True	True	pass
BRD-K89692698	BRD-K89692698	observed_thp1	13	7	6	3	2	0.5384615384615384	0.2307692307692307	6.4992499351501465	3.731750011444092	0.1391576883884576	1	1	1.0	not annotated	not annotated	not annotated	not annotated		63	1.0	1.0	1.0	1.0	1.0	True	False	True	unreplicated_single_profile	0.5773625	-0.324025	0.40385	0.44930005	-0.15960002	0.5547714	0.5773625	0.0	False	-0.4199674	0.8985444247722632	0.5359419941902162	True	True	True	pass
BRD-K77908580	entinostat	observed_thp1	13	5	8	3	2	0.3846153846153846	0.2307692307692307	4.394436118141231	3.688676026391073	0.1005805391891915	18	1	1.0	Phase 3	HDAC inhibitor	HDAC1|HDAC2|HDAC3|HDAC9	not annotated		64	18.0	10.0	0.5555555555555556	1.0	17.0	True	True	False	replicated_inconsistent	0.825695	0.8194573	-0.7258513	0.2503013	0.88140446	0.59453654	0.88140446	0.7777777777777778	False	0.43698266	0.8985444247722632	0.5359419941902162	True	True	False	inconsistent_or_high_dose_only
BRD-K51967704	BIIB-021	observed_thp1	13	7	6	3	2	0.5384615384615384	0.2307692307692307	4.331450025861462	3.650466648861766	0.2697429461643482	6	1	1.0	not annotated	not annotated	not annotated	not annotated		65	6.0	4.0	0.6666666666666666	1.0	6.0	True	True	True	replicated_consistent	-0.075238176	0.13410084	-0.43039083	4.567636	0.19181548	0.3400167	4.567636	0.8333333333333334	False	0.5226024	0.8985444247722632	0.5359419941902162	False	True	False	high_stress_module_score
BRD-K28360340	TW-37	observed_thp1	13	8	5	3	2	0.6153846153846154	0.2307692307692307	5.7837999276816845	3.5520999431610107	-0.2080153837226904	1	1	1.0	Preclinical	BCL inhibitor	BCL2|BCL2L1|MCL1	not annotated		66	1.0	1.0	1.0	1.0	1.0	True	False	True	unreplicated_single_profile	0.67455006	-0.25987998	1.1638601	0.63516665	-0.53124285	0.8900143	1.1638601	1.0	True	0.29848817	0.8985444247722632	0.5359419941902162	False	True	False	annotated_cytotoxic_moa|high_stress_module_score
BRD-K41087962	BRD-K41087962	observed_thp1	13	7	6	3	2	0.5384615384615384	0.2307692307692307	4.832799896597862	3.3963998556137085	0.18041537128962	1	1	1.0	not annotated	not annotated	not annotated	not annotated		67	1.0	1.0	1.0	1.0	1.0	True	False	True	unreplicated_single_profile	-0.1373458	0.28559002	-0.339675	-0.30680004	-0.37185717	-0.61609995	0.28559002	0.0	False	-0.12729673	0.8985444247722632	0.5359419941902162	True	True	True	pass
BRD-K15563106	phloretin	observed_thp1	13	6	7	3	2	0.4615384615384615	0.2307692307692307	4.767599917948246	3.3845999240875244	0.3098769193658462	1	1	1.0	Launched	sodium/glucose cotransporter inhibitor	AQP9|CLCN3|SLC23A1	not annotated		68	1.0	1.0	1.0	1.0	1.0	True	False	True	unreplicated_single_profile	1.1736001	-0.18429999	1.04424	-1.0268333	0.13935721	0.3703143	1.1736001	1.0	False	0.28143176	0.8985444247722632	0.5359419941902162	False	True	False	high_stress_module_score
BRD-K68185022	ursolic-acid	observed_thp1	13	7	6	2	1	0.5384615384615384	0.1538461538461538	4.689449902623892	4.228699922561646	-0.2703653731598304	1	1	1.0	Phase 2/Phase 3	ATPase inhibitor|NFkB pathway inhibitor|STAT inhibitor	HSD11B1|PLA2G1B|PTPN1|PYGM	not annotated		69	1.0	1.0	1.0	1.0	1.0	True	False	True	unreplicated_single_profile	0.01507917	-0.045259994	0.46441	-0.11825832	-0.36564282	0.33292148	0.46441	0.0	False	0.1551407	0.8985444247722632	0.5359419941902162	True	True	True	pass
BRD-K58435339	AT-13387	observed_thp1	13	6	7	2	1	0.4615384615384615	0.1538461538461538	5.767983380705118	3.691283377508322	0.0041346139489457	6	1	1.0	not annotated	not annotated	not annotated	not annotated		70	6.0	4.0	0.6666666666666666	1.0	6.0	True	True	True	replicated_consistent	0.4587778	0.30695835	-0.6775883	3.979736	0.43415952	0.96562856	3.979736	1.0	False	0.5085161	0.8985444247722632	0.5359419941902162	False	True	False	high_stress_module_score
BRD-M86331534	pyrvinium-pamoate	observed_thp1	13	5	8	2	1	0.3846153846153846	0.1538461538461538	5.310350060462952	3.619500041007996	-0.2488423081544729	1	1	1.0	Launched	androgen receptor antagonist	AR	infectious disease	pinworm	71	1.0	1.0	1.0	1.0	1.0	True	False	True	unreplicated_single_profile	0.23441666	0.11651997	1.458415	0.29982498	0.068950005	0.7322928	1.458415	1.0	False	0.49465686	0.8985444247722632	0.5359419941902162	False	True	False	high_stress_module_score
BRD-A83255679	BRD-A83255679	observed_thp1	13	10	3	2	1	0.7692307692307693	0.1538461538461538	6.791599996387959	3.3043999671936035	-0.0411769294968018	1	1	1.0	not annotated	not annotated	not annotated	not annotated		72	1.0	1.0	1.0	1.0	1.0	True	False	True	unreplicated_single_profile	-0.64578336	0.06692998	0.62027997	0.05713333	0.08904282	0.4524857	0.62027997	0.0	False	-0.07594804	0.8985444247722632	0.5359419941902162	True	True	True	pass
BRD-K53792571	inhibitor-BEC	observed_thp1	13	6	7	2	1	0.4615384615384615	0.1538461538461538	5.720550045371056	3.1028000116348267	-0.3390615444916945	1	1	1.0	not annotated	not annotated	not annotated	not annotated		73	1.0	1.0	1.0	1.0	1.0	True	False	True	unreplicated_single_profile	-0.44969583	-0.30504003	-0.233355	0.887275	-0.5763572	-0.35921428	0.887275	0.0	False	-0.28329805	0.8985444247722632	0.5359419941902162	True	True	True	pass
BRD-K49685476	TTNPB	observed_thp1	13	8	5	2	1	0.6153846153846154	0.1538461538461538	5.789245814705889	2.884941680977742	0.4382054462360265	12	1	1.0	Phase 1	retinoid receptor agonist	RARA|RARB|RARG	not annotated		74	12.0	6.0	0.5	0.0	12.0	False	True	False	replicated_inconsistent	0.7765725	0.89647	0.08878126	1.0048056	0.43541786	0.829431	1.0048056	0.75	False	0.40647894	0.8985444247722632	0.5359419941902162	False	True	False	inconsistent_or_high_dose_only|high_stress_module_score
BRD-K56291712	voxtalisib	observed_thp1	13	7	6	2	1	0.5384615384615384	0.1538461538461538	5.372033327817917	2.8770250057180724	0.1415570523494329	6	1	1.0	Phase 2	mTOR inhibitor|PI3K inhibitor	MTOR|PIK3CA	not annotated		75	6.0	5.0	0.8333333333333334	2.0	6.0	True	True	True	replicated_consistent	0.024812505	-0.111664176	-0.53228754	-0.44700554	-0.17234166	0.80451196	0.80451196	0.6666666666666666	False	0.46864638	0.8985444247722632	0.5359419941902162	True	True	True	pass
BRD-K85563610	APO-866	observed_thp1	13	8	5	2	1	0.6153846153846154	0.1538461538461538	4.3981000473722816	2.846500039100647	-0.1180461552710487	1	1	1.0	not annotated	not annotated	not annotated	not annotated		76	1.0	1.0	1.0	1.0	1.0	True	False	True	unreplicated_single_profile	-0.056175027	-0.1615	0.31088	0.38698328	-0.19732857	0.059157133	0.38698328	0.0	False	0.03556402	0.8985444247722632	0.5359419941902162	True	True	True	pass
BRD-K61662457	CAY-10594	observed_thp1	13	9	4	2	1	0.6923076923076923	0.1538461538461538	6.675700053572655	2.8315000534057617	0.3612384463732059	1	1	1.0	not annotated	not annotated	not annotated	not annotated		77	1.0	1.0	1.0	1.0	1.0	True	False	True	unreplicated_single_profile	-0.098249994	-0.33305496	0.399675	0.16391665	-0.07633571	0.26622143	0.399675	0.0	False	-0.20027038	0.8985444247722632	0.5359419941902162	True	True	True	pass
BRD-A31107743	brefeldin-a	observed_thp1	13	8	5	2	1	0.6153846153846154	0.1538461538461538	4.914799988269806	2.6195499897003174	-0.0372422956503354	1	1	1.0	Preclinical	protein synthesis inhibitor	ARF1|CYTH2	not annotated		78	1.0	1.0	1.0	1.0	1.0	True	False	True	unreplicated_single_profile	-0.20252918	-0.03148501	-0.034295	0.015016675	-0.21971431	-0.06742144	0.015016675	0.0	True	-0.2384945	0.8985444247722632	0.5359419941902162	True	True	False	annotated_cytotoxic_moa
BRD-A81541225	oligomycin-a	observed_thp1	13	7	6	2	1	0.5384615384615384	0.1538461538461538	4.6632999097928405	2.5686999559402466	0.2571692243934824	1	1	1.0	Preclinical	ATP synthase inhibitor|ATPase inhibitor	ATP5A1	not annotated		79	1.0	1.0	1.0	1.0	1.0	True	False	True	unreplicated_single_profile	0.0646417	-0.26800996	0.45093003	0.20536666	-1.1053143	0.5202572	0.5202572	0.0	True	-0.16979203	0.8985444247722632	0.5359419941902162	True	True	False	annotated_cytotoxic_moa
BRD-K07310275	PF-04691502	observed_thp1	13	5	8	2	1	0.3846153846153846	0.1538461538461538	3.2408982063643634	2.4838499557226896	0.3785996431125125	24	1	1.0	Phase 2	mTOR inhibitor|PI3K inhibitor	MTOR|PIK3CA	not annotated		80	24.0	6.0	0.25	-1.0	17.0	True	True	False	replicated_inconsistent	0.6153023	0.35126686	-0.7599744	-1.2309318	-0.2385522	0.89441985	0.89441985	0.4166666666666667	False	0.5142604	0.8985444247722632	0.5359419941902162	True	True	False	inconsistent_or_high_dose_only
BRD-K26664453	BRD-K26664453	observed_thp1	13	6	7	2	1	0.4615384615384615	0.1538461538461538	3.938800036907196	2.46055006980896	0.0324653845566969	1	1	1.0	not annotated	not annotated	not annotated	not annotated		81	1.0	1.0	1.0	1.0	1.0	True	False	True	unreplicated_single_profile	-0.54232085	-0.66692996	-0.270875	-0.7386916	-0.5991	-0.08607142	-0.08607142	0.0	False	-0.20826827	0.8985444247722632	0.5359419941902162	True	True	True	pass
BRD-K02526760	QS-11	observed_thp1	13	7	6	2	1	0.5384615384615384	0.1538461538461538	4.767599835991859	2.432849884033203	-0.083526917375051	1	1	1.0	not annotated	not annotated	not annotated	not annotated		82	1.0	1.0	1.0	1.0	1.0	True	False	True	unreplicated_single_profile	0.25345418	0.142025	0.15946999	0.35660005	-0.058835708	-0.0776643	0.35660005	0.0	False	-0.27628157	0.8985444247722632	0.5359419941902162	True	True	True	pass
BRD-A80213327	NSC-23766	observed_thp1	13	9	4	2	1	0.6923076923076923	0.1538461538461538	4.394100025296211	2.3907999992370605	0.0164653888115516	1	1	1.0	Preclinical	Ras GTPase inhibitor	not annotated	not annotated		83	1.0	1.0	1.0	1.0	1.0	True	False	True	unreplicated_single_profile	-0.27844167	-0.20004001	-0.8139	-1.2032751	-0.19182856	0.18155001	0.18155001	0.0	False	-0.032332383	0.8985444247722632	0.5359419941902162	True	True	True	pass
BRD-K19922318	BRD-K19922318	observed_thp1	13	8	5	2	1	0.6153846153846154	0.1538461538461538	3.562499895691872	2.376599907875061	0.0394576868185629	1	1	1.0	not annotated	not annotated	not annotated	not annotated		84	1.0	1.0	1.0	1.0	1.0	True	False	True	unreplicated_single_profile	0.029958347	-0.031634994	-0.40113997	-0.45794997	-0.10310715	0.0786	0.0786	0.0	False	-0.20787121	0.8985444247722632	0.5359419941902162	True	True	True	pass
BRD-K59470558	BRD-K59470558	observed_thp1	13	5	8	2	1	0.3846153846153846	0.1538461538461538	3.78129991889	2.2523499727249146	-0.1762115273338098	1	1	1.0	not annotated	not annotated	not annotated	not annotated		85	1.0	1.0	1.0	1.0	1.0	True	False	True	unreplicated_single_profile	-0.47136256	-0.043479998	0.030434992	-0.13876666	-0.5303715	-0.4502929	0.030434992	0.0	False	0.18861954	0.8985444247722632	0.5359419941902162	True	True	True	pass
BRD-K45399554	CAM-9-027-3	observed_thp1	13	9	4	2	1	0.6923076923076923	0.1538461538461538	5.119599878787994	2.0548999309539795	-0.3708038444702441	1	1	1.0	not annotated	not annotated	not annotated	not annotated		86	1.0	1.0	1.0	1.0	1.0	True	False	True	unreplicated_single_profile	0.6157916	0.42114002	1.12351	0.86269164	0.36099285	0.4792214	1.12351	1.0	False	0.13332224	0.8985444247722632	0.5359419941902162	False	True	False	high_stress_module_score
BRD-K62310379	fluticasone-propionate	observed_thp1	13	6	7	1	0	0.4615384615384615	0.0769230769230769	3.694229136221111	2.4391374879827104	-0.2616141020597962	12	1	1.0	Launched	glucocorticoid receptor agonist	NR3C1|NR3C2|PGR|PLA2G4A	dermatology	corticosteroid-responsive dermatoses	87	12.0	5.0	0.4166666666666667	0.0	12.0	False	True	False	replicated_inconsistent	0.647733	0.20495127	-0.09402167	0.26600417	-0.14220415	1.16515	1.16515	0.5833333333333334	False	0.16433585	0.8985444247722632	0.5359419941902162	False	True	False	inconsistent_or_high_dose_only|high_stress_module_score
BRD-K17349619	HLI-373	observed_thp1	13	6	7	1	0	0.4615384615384615	0.0769230769230769	3.605400010943413	2.1373000144958496	0.2532269244010632	1	1	1.0	not annotated	not annotated	not annotated	not annotated		88	1.0	1.0	1.0	1.0	1.0	True	False	True	unreplicated_single_profile	0.09817082	0.06523501	-0.343255	0.07396667	-0.022835722	0.093521416	0.09817082	0.0	False	-0.20133454	0.8985444247722632	0.5359419941902162	True	True	True	pass
BRD-K65170927	aprepitant	observed_thp1	13	9	4	1	0	0.6923076923076923	0.0769230769230769	4.489587509383758	1.8540625075499213	-0.3317519206410416	12	1	1.0	Launched	tachykinin antagonist	TACR1	gastroenterology	nausea|vomiting	89	12.0	6.0	0.5	0.5	12.0	True	True	False	replicated_inconsistent	0.36350587	0.019442918	-0.05304834	0.41869375	0.12389942	0.26510775	0.41869375	0.3333333333333333	False	-0.020376833	0.8985444247722632	0.5359419941902162	True	True	False	inconsistent_or_high_dose_only
BRD-K64890080	BI-2536	observed_thp1	13	4	9	1	0	0.3076923076923077	0.0769230769230769	2.3948999938483424	1.8186423073594389	-0.0765020746201106	13	1	1.0	Phase 2	PLK inhibitor	BRD4|PLK1|PLK2|PLK3	not annotated		90	13.0	6.0	0.46153846153846156	0.0	12.0	True	True	False	replicated_inconsistent	0.5440327	0.04303038	-0.6944242	1.1261961	0.19455825	1.3499885	1.3499885	0.6923076923076923	True	0.5271585	0.8985444247722632	0.5359419941902162	False	True	False	inconsistent_or_high_dose_only|annotated_cytotoxic_moa|high_stress_module_score
BRD-K60997853	PHA-848125	observed_thp1	13	6	7	1	0	0.4615384615384615	0.0769230769230769	3.934016680965821	1.7465000301599505	0.0242307614057491	6	1	1.0	Phase 2	CDK inhibitor|growth factor receptor inhibitor	CDK2|CDK4|CDK7|NTRK1	not annotated		91	6.0	2.0	0.3333333333333333	0.0	6.0	False	True	False	replicated_inconsistent	0.035886113	0.16166833	0.21719833	0.037738886	0.5846191	-0.072257176	0.5846191	0.3333333333333333	False	0.4418853	0.8985444247722632	0.5359419941902162	True	True	False	inconsistent_or_high_dose_only
BRD-K93767137	oseltamivir-carboxylate	observed_thp1	13	9	4	1	0	0.6923076923076923	0.0769230769230769	3.953283363642792	1.6952374863127868	-0.2049323697455036	12	1	1.0	Launched	neuraminidase inhibitor	not annotated	infectious disease	influenza A virus infection	92	12.0	10.0	0.8333333333333334	1.0	12.0	True	True	True	replicated_consistent	0.22811495	0.20374708	-0.13800251	-0.03496875	0.037883934	-0.16875537	0.22811495	0.0	False	0.10426897	0.8985444247722632	0.5359419941902162	True	True	True	pass
BRD-K64451768	GANT-58	observed_thp1	13	5	8	1	0	0.3846153846153846	0.0769230769230769	4.095200002193451	1.6950500011444092	-0.1470153893415744	1	1	1.0	Preclinical	GLI antagonist	GLI1	not annotated		93	1.0	1.0	1.0	1.0	1.0	True	False	True	unreplicated_single_profile	-0.415225	-0.48025998	-0.477955	0.01107501	0.057107143	-0.64905006	0.057107143	0.0	False	0.15921892	0.8985444247722632	0.5359419941902162	True	True	True	pass
BRD-K35723520	darinaparsin	observed_thp1	13	7	6	1	0	0.5384615384615384	0.0769230769230769	4.782350122928619	1.6551001071929932	-0.3252269281790806	1	1	1.0	not annotated	not annotated	not annotated	not annotated		94	1.0	1.0	1.0	1.0	1.0	True	False	True	unreplicated_single_profile	0.17728333	0.151725	-0.424275	0.15418333	-0.36901426	0.15150002	0.17728333	0.0	False	-0.19870901	0.8985444247722632	0.5359419941902162	True	True	True	pass
BRD-K06593056	LE-135	observed_thp1	13	5	8	1	0	0.3846153846153846	0.0769230769230769	3.1328999772667885	1.601199984550476	-0.0198846121246998	1	1	1.0	Preclinical	retinoid receptor agonist	RARB	not annotated		95	1.0	1.0	1.0	1.0	1.0	True	False	True	unreplicated_single_profile	0.41503334	-0.34656	1.814985	0.46665832	-0.07335712	1.0570714	1.814985	1.0	False	-0.1577963	0.8985444247722632	0.5359419941902162	False	True	False	high_stress_module_score
BRD-K64622987	torcetrapib	observed_thp1	13	6	7	1	0	0.4615384615384615	0.0769230769230769	2.3700750181451435	1.595279169579347	-0.1312935874627258	12	1	1.0	Phase 3	cholesteryl ester transfer protein inhibitor	CETP	not annotated		96	12.0	7.0	0.5833333333333334	1.0	12.0	True	True	False	replicated_inconsistent	0.07903682	0.005329583	-0.1473171	0.09729236	0.076652385	0.000355366	0.09729236	0.16666666666666666	False	-0.08182128	0.8985444247722632	0.5359419941902162	True	True	False	inconsistent_or_high_dose_only
BRD-K95880107	PH-797804	observed_thp1	13	7	6	1	0	0.5384615384615384	0.0769230769230769	2.5324375191703434	1.566737487912178	-0.0540086521277538	12	1	1.0	Phase 2	p38 MAPK inhibitor	MAPK11|MAPK14	not annotated		97	12.0	4.0	0.3333333333333333	0.0	12.0	False	True	False	replicated_inconsistent	0.21336007	0.19029544	0.051291246	-0.17546041	-0.11337321	0.018240476	0.21336007	0.16666666666666666	False	0.20384908	0.8985444247722632	0.5359419941902162	True	True	False	inconsistent_or_high_dose_only
BRD-A39415247	BRD-A39415247	observed_thp1	13	6	7	1	0	0.4615384615384615	0.0769230769230769	2.9345833243957404	1.5645833214124043	-0.0353833350102202	6	1	1.0	not annotated	not annotated	not annotated	not annotated		98	6.0	3.0	0.5	1.0	6.0	True	True	False	replicated_inconsistent	0.5736305	0.55631834	0.026954988	0.40465835	0.08745002	-0.21293332	0.5736305	0.6666666666666666	False	0.36098632	0.8985444247722632	0.5359419941902162	True	True	False	inconsistent_or_high_dose_only
BRD-K96799727	pifithrin-mu	observed_thp1	13	5	8	1	0	0.3846153846153846	0.0769230769230769	3.0396499931812286	1.472100019454956	0.0988807586523202	1	1	1.0	Preclinical	HSP inhibitor	HSPA1A|TP53	not annotated		99	1.0	1.0	1.0	1.0	1.0	True	False	True	unreplicated_single_profile	0.6386041	0.14188	0.8814651	2.81615	2.30035	0.51860005	2.81615	1.0	True	0.047828525	0.8985444247722632	0.5359419941902162	False	True	False	annotated_cytotoxic_moa|high_stress_module_score
BRD-K70463136	BAY-87-2243	observed_thp1	13	7	6	1	0	0.5384615384615384	0.0769230769230769	2.547216655065616	1.449449999878804	0.0583416655158193	12	1	1.0	Phase 1	hypoxia inducible factor inhibitor	HIF1A	not annotated		100	12.0	6.0	0.5	0.5	12.0	False	True	False	replicated_inconsistent	0.4000361	0.16200416	1.5132041	-0.15802915	0.28213453	0.11123214	1.5132041	0.75	False	0.31689572	0.8985444247722632	0.5359419941902162	False	True	False	inconsistent_or_high_dose_only|high_stress_module_score
BRD-K89687904	PKCbeta-inhibitor	observed_thp1	13	9	4	1	0	0.6923076923076923	0.0769230769230769	5.836150020360947	1.3973500728607178	-0.2414384621840257	1	1	1.0	not annotated	not annotated	not annotated	not annotated		101	1.0	1.0	1.0	1.0	1.0	True	False	True	unreplicated_single_profile	-0.061004177	-0.28265503	0.28429002	0.30539167	-0.4866214	-0.048035722	0.30539167	0.0	False	-0.34116098	0.8985444247722632	0.5359419941902162	True	True	True	pass
BRD-K47642186	piclamilast	observed_thp1	13	8	5	1	0	0.6153846153846154	0.0769230769230769	3.4689333324010168	1.3756916671991348	-0.0962801256623023	12	1	1.0	Phase 2	phosphodiesterase inhibitor	PDE4A|PDE4B|PDE4C|PDE4D	not annotated		102	12.0	7.0	0.5833333333333334	1.0	12.0	True	True	False	replicated_inconsistent	0.18019967	-0.08702708	-0.1489425	0.22784166	0.054338086	0.1916756	0.22784166	0.0	False	-0.13910463	0.8985444247722632	0.5359419941902162	True	True	False	inconsistent_or_high_dose_only
BRD-K08478539	SMER-28	observed_thp1	13	7	6	1	0	0.5384615384615384	0.0769230769230769	4.822749853134155	1.3297499418258667	-0.1876846024623284	1	1	1.0	Preclinical	autophagy inducer	SNCA	not annotated		103	1.0	1.0	1.0	1.0	1.0	True	False	True	unreplicated_single_profile	-0.56742495	-0.062265	-0.16639498	0.22478332	-0.15325713	-0.32257143	0.22478332	0.0	False	-0.18957183	0.8985444247722632	0.5359419941902162	True	True	True	pass
BRD-K64990520	apocynin	observed_thp1	13	8	5	1	0	0.6153846153846154	0.0769230769230769	3.4234750295678773	1.3144333561261494	-0.3267044896880785	6	1	1.0	Phase 1	NADPH oxidase inhibitor	NOX4	not annotated		104	6.0	4.0	0.6666666666666666	1.0	6.0	False	True	False	replicated_inconsistent	-0.07648888	-0.08397999	-0.060857493	0.322025	-0.22450596	-0.16919166	0.322025	0.0	False	-0.3010859	0.8985444247722632	0.5359419941902162	True	True	False	inconsistent_or_high_dose_only
BRD-K64800655	PHA-793887	observed_thp1	13	5	8	1	0	0.3846153846153846	0.0769230769230769	3.766275018453598	1.3058499842882156	-0.1269221166745783	12	1	1.0	Phase 1	CDK inhibitor	CDK1|CDK2|CDK4|CDK5|CDK7|CDK9	not annotated		105	12.0	5.0	0.4166666666666667	0.0	12.0	False	True	False	replicated_inconsistent	1.0224642	0.6114517	-0.6645858	0.81684166	0.59605175	1.016781	1.0224642	0.5833333333333334	False	0.4528695	0.8985444247722632	0.5359419941902162	False	True	False	inconsistent_or_high_dose_only|high_stress_module_score
BRD-K57011718	UK-356618	observed_thp1	13	7	6	1	0	0.5384615384615384	0.0769230769230769	3.785800062585622	1.3028000593185425	-0.0419923050257448	1	1	1.0	Preclinical	metalloproteinase inhibitor	MMP13|MMP14|MMP2|MMP3|MMP9	not annotated		106	1.0	1.0	1.0	1.0	1.0	True	False	True	unreplicated_single_profile	0.33998334	0.51124007	0.63580006	-0.18628335	-0.1109857	0.08311428	0.63580006	0.0	False	-0.10413897	0.8985444247722632	0.5359419941902162	True	True	True	pass
BRD-K86574132	BRD-K86574132	observed_thp1	13	7	6	1	0	0.5384615384615384	0.0769230769230769	2.882100045681	1.2603000402450562	-0.223492306872056	1	1	1.0	not annotated	not annotated	not annotated	not annotated		107	1.0	1.0	1.0	1.0	1.0	True	False	True	unreplicated_single_profile	0.38775	-0.36370498	1.09944	-1.3114667	0.93201435	1.0465071	1.09944	1.0	False	-0.11119455	0.8985444247722632	0.5359419941902162	False	True	False	high_stress_module_score
BRD-K68997413	PF-3845	observed_thp1	13	4	9	1	0	0.3076923076923077	0.0769230769230769	2.547650068998337	1.2592500448226929	0.1110923015154324	1	1	1.0	Preclinical	FAAH inhibitor	FAAH	not annotated		108	1.0	1.0	1.0	1.0	1.0	True	False	True	unreplicated_single_profile	0.16920835	-0.126015	0.46047002	-0.19486666	0.18581428	0.045142837	0.46047002	0.0	False	0.04650571	0.8985444247722632	0.5359419941902162	True	True	True	pass
BRD-K55847762	lobenzarit	observed_thp1	13	8	5	1	0	0.6153846153846154	0.0769230769230769	5.131908337275188	1.2558499972025554	-0.0666955158305473	6	1	1.0	Launched	immunosuppressant	not annotated	rheumatology	rheumatoid arthritis	109	6.0	3.0	0.5	0.5	6.0	True	True	False	replicated_inconsistent	0.0716896	0.08979083	0.3354508	0.112454176	-0.28429526	0.41010475	0.41010475	0.16666666666666666	False	0.64603376	0.8985444247722632	0.5359419941902162	True	False	False	inconsistent_or_high_dose_only|cytotoxic_signature_similarity
BRD-K65428967	cordycepin	observed_thp1	13	7	6	1	0	0.5384615384615384	0.0769230769230769	3.1896750088781114	1.2364041743179162	-0.1600766010964527	12	1	1.0	Phase 1/Phase 2	DNA inhibitor	not annotated	not annotated		110	12.0	6.0	0.5	0.5	12.0	True	True	False	replicated_inconsistent	0.06404548	0.017926259	0.31495962	-0.011077086	-0.11902559	-0.1300738	0.31495962	0.08333333333333333	True	-0.16083719	0.8985444247722632	0.5359419941902162	True	True	False	inconsistent_or_high_dose_only|annotated_cytotoxic_moa
BRD-K99545815	PF-562271	observed_thp1	13	4	9	1	0	0.3076923076923077	0.0769230769230769	1.780816676095128	1.2306208548446496	-0.1197564123580471	12	1	1.0	Phase 1	focal adhesion kinase inhibitor	PTK2|PTK2B	not annotated		111	12.0	4.0	0.3333333333333333	0.0	12.0	False	True	False	replicated_inconsistent	0.13565347	0.16796958	-0.071313344	0.35685417	0.15256368	0.23410475	0.35685417	0.08333333333333333	False	0.16226828	0.8985444247722632	0.5359419941902162	True	True	False	inconsistent_or_high_dose_only
BRD-K67868012	PI-103	observed_thp1	13	6	7	1	0	0.4615384615384615	0.0769230769230769	3.273399919271469	1.225350022315979	0.0719769379267325	1	1	1.0	Preclinical	mTOR inhibitor|PI3K inhibitor	MTOR|PIK3CA|PIK3CB|PIK3CD|PIK3CG|PRKDC	not annotated		112	1.0	1.0	1.0	1.0	1.0	True	False	True	unreplicated_single_profile	0.4058667	-0.44466	-0.53657496	-0.9892333	0.17047855	0.22647144	0.4058667	0.0	False	-0.22761694	0.8985444247722632	0.5359419941902162	True	True	True	pass
BRD-K62196610	AVN-944	observed_thp1	13	6	7	1	0	0.4615384615384615	0.0769230769230769	2.8046500002965327	1.203929173449675	-0.056475315160918	12	1	1.0	Phase 2	inosine monophosphate dehydrogenase inhibitor	IMPDH1|IMPDH2	not annotated		113	12.0	3.0	0.25	0.0	12.0	False	True	False	replicated_inconsistent	0.07226632	0.23865707	-0.2342925	0.19648749	0.12818809	0.38077617	0.38077617	0.25	False	0.477453	0.8985444247722632	0.5359419941902162	True	True	False	inconsistent_or_high_dose_only
BRD-K64925568	AMG-232	observed_thp1	13	6	7	1	0	0.4615384615384615	0.0769230769230769	2.715400024161984	1.2001083455979824	-0.1686201951800821	12	1	1.0	Phase 2	MDM inhibitor	MDM2	not annotated		114	12.0	3.0	0.25	0.0	12.0	False	True	False	replicated_inconsistent	0.11624237	0.111035	0.18861751	0.046411786	0.12141905	0.029886914	0.18861751	0.08333333333333333	True	0.3392672	0.8985444247722632	0.5359419941902162	True	True	False	inconsistent_or_high_dose_only|annotated_cytotoxic_moa
BRD-A64406146	timofibrate	observed_thp1	13	6	7	1	0	0.4615384615384615	0.0769230769230769	2.500565015524625	1.1970449700951575	-0.0189023062586784	10	1	1.0	Phase 2	cholesterol inhibitor|lipase clearing factor inhibitor	LPL	not annotated		115	10.0	4.0	0.4	-0.5	10.0	False	True	False	replicated_inconsistent	0.061125003	0.0221075	-0.042995494	0.022588339	0.04336715	0.25046927	0.25046927	0.2	False	0.3826942	0.8985444247722632	0.5359419941902162	True	True	False	inconsistent_or_high_dose_only
BRD-K06878038	deferiprone	observed_thp1	13	5	8	1	0	0.3846153846153846	0.0769230769230769	2.414266654658908	1.1960916618506114	-0.2107647423384687	12	1	1.0	Launched	chelating agent	UGT1A6	hematology	transfusional hemosiderosis|thalassemia|iron overload	116	12.0	5.0	0.4166666666666667	0.0	12.0	False	True	False	replicated_inconsistent	0.16653402	-0.040085	-0.19592498	0.061340272	0.058953572	0.112072624	0.16653402	0.08333333333333333	False	-0.314965	0.8985444247722632	0.5359419941902162	True	True	False	inconsistent_or_high_dose_only
BRD-K51781482	BRD-K51781482	observed_thp1	13	6	7	1	0	0.4615384615384615	0.0769230769230769	3.254100039601326	1.193750023841858	0.2339538519199077	1	1	1.0	not annotated	not annotated	not annotated	not annotated		117	1.0	1.0	1.0	1.0	1.0	True	False	True	unreplicated_single_profile	-0.57236665	-0.56038	-0.24759004	-0.20272501	-0.23438571	-0.45766425	-0.20272501	0.0	False	-0.11122225	0.8985444247722632	0.5359419941902162	True	True	True	pass
BRD-K74236984	UNC-0321	observed_thp1	13	4	9	1	0	0.3076923076923077	0.0769230769230769	1.8870500028133392	1.1439000368118286	0.0394077005867774	1	1	1.0	not annotated	not annotated	not annotated	not annotated		118	1.0	1.0	1.0	1.0	1.0	True	False	True	unreplicated_single_profile	-0.1400875	0.075375	-0.37272	-0.03973333	-0.28195712	-0.36364287	0.075375	0.0	False	-0.26643366	0.8985444247722632	0.5359419941902162	True	True	True	pass
BRD-K93023739	BRD-K93023739	observed_thp1	13	9	4	1	0	0.6923076923076923	0.0769230769230769	3.57439997792244	1.142549991607666	-0.1634153861265916	1	1	1.0	not annotated	not annotated	not annotated	not annotated		119	1.0	1.0	1.0	1.0	1.0	True	False	True	unreplicated_single_profile	-0.14125414	-0.31074	-0.307645	-0.053866655	-0.40238574	-0.06526428	-0.053866655	0.0	False	-0.35182735	0.8985444247722632	0.5359419941902162	True	True	True	pass
BRD-K53281329	BAY-61-3606	observed_thp1	13	9	4	1	0	0.6923076923076923	0.0769230769230769	2.9926583146055536	1.130733331044515	-0.0960519247425672	6	1	1.0	Preclinical	SYK inhibitor	SYK	not annotated		120	6.0	2.0	0.3333333333333333	0.0	6.0	False	True	False	replicated_inconsistent	0.054026384	0.12273419	0.01793	0.6111819	-0.24961664	0.009157148	0.6111819	0.16666666666666666	False	0.24096614	0.8985444247722632	0.5359419941902162	True	True	False	inconsistent_or_high_dose_only
BRD-K14696368	BRD-K14696368	observed_thp1	13	6	7	1	0	0.4615384615384615	0.0769230769230769	2.759449958801269	1.118649959564209	0.1496999997359056	1	1	1.0	not annotated	not annotated	not annotated	not annotated		121	1.0	1.0	1.0	1.0	1.0	True	False	True	unreplicated_single_profile	-0.0543875	0.117320016	-0.49984995	-0.3609083	0.18999998	0.050492864	0.18999998	0.0	False	-0.21589182	0.8985444247722632	0.5359419941902162	True	True	True	pass
BRD-K57371763	fidaxomicin	observed_thp1	13	4	9	1	0	0.3076923076923077	0.0769230769230769	1.9617666263754168	1.10933335373799	0.0665307713572521	6	1	1.0	Launched	RNA polymerase inhibitor	not annotated	gastroenterology	diarrhea	122	6.0	2.0	0.3333333333333333	-0.5	6.0	True	True	False	replicated_inconsistent	0.1709653	-0.027978329	0.3144383	0.036572218	0.6115833	0.036576193	0.6115833	0.5	True	-0.016215144	0.8985444247722632	0.5359419941902162	True	True	False	inconsistent_or_high_dose_only|annotated_cytotoxic_moa
BRD-K97181089	amiloride	observed_thp1	13	8	5	1	0	0.6153846153846154	0.0769230769230769	1.91970001005878	1.1069958247244358	-0.1641894217150715	12	1	1.0	Launched	sodium channel blocker	AOC1|ASIC1|ASIC2|ASIC3|PKD2|PKD2L1|PLAU|SCNN1A|SCNN1B|SCNN1D|SCNN1G|SLC9A1|TRPC7|TRPV2	cardiology	hypertension|congestive heart failure	123	12.0	3.0	0.25	0.0	12.0	False	True	False	replicated_inconsistent	0.16298959	0.16616626	-0.13236542	-0.06004375	0.00788631	0.16423869	0.16616626	0.08333333333333333	False	-0.045914866	0.8985444247722632	0.5359419941902162	True	True	False	inconsistent_or_high_dose_only
BRD-A04706586	bucladesine	observed_thp1	13	9	4	1	0	0.6923076923076923	0.0769230769230769	4.012200027704239	1.1027500629425049	0.0339999955434065	1	1	1.0	Launched	adenosine receptor agonist|cAMP stimulant	PRKACA	dermatology	skin ulcer	124	1.0	1.0	1.0	1.0	1.0	True	False	True	unreplicated_single_profile	-0.20689166	-0.185835	-0.57855	-0.5742333	0.03454286	0.34672853	0.34672853	0.0	False	-0.05658594	0.8985444247722632	0.5359419941902162	True	True	True	pass
BRD-K41599323	lonafarnib	observed_thp1	13	6	7	1	0	0.4615384615384615	0.0769230769230769	2.37723332302024	1.1022666494051616	0.0866294826548069	6	1	1.0	Phase 3	farnesyltransferase inhibitor	FNTA|HRAS|KRAS|NRAS	not annotated		125	6.0	2.0	0.3333333333333333	-0.5	6.0	True	True	False	replicated_inconsistent	0.21953474	0.54115504	0.23046333	0.60874444	-0.062221427	-0.36147857	0.60874444	0.6666666666666666	False	0.22132961	0.8985444247722632	0.5359419941902162	True	True	False	inconsistent_or_high_dose_only
BRD-K25690923	BRD-K25690923	observed_thp1	13	7	6	1	0	0.5384615384615384	0.0769230769230769	3.285500019788742	1.0990999937057495	0.1492230852062886	1	1	1.0	not annotated	not annotated	not annotated	not annotated		126	1.0	1.0	1.0	1.0	1.0	True	False	True	unreplicated_single_profile	-0.34540415	-0.30965	-0.032559983	-0.04490831	-0.1867357	-0.13846426	-0.032559983	0.0	False	-0.17757368	0.8985444247722632	0.5359419941902162	True	True	True	pass
BRD-K46654563	zofenopril-calcium	observed_thp1	13	8	5	1	0	0.6153846153846154	0.0769230769230769	2.7799458677570024	1.0875916785250108	-0.0340644211436693	12	1	1.0	Launched	angiotensin converting enzyme inhibitor	ACE	cardiology	hypertension	127	12.0	6.0	0.5	0.5	12.0	True	True	False	replicated_inconsistent	0.23889966	0.09886167	-0.045195002	0.19880556	0.28838927	0.27204108	0.28838927	0.25	False	0.2750523	0.8985444247722632	0.5359419941902162	True	True	False	inconsistent_or_high_dose_only
BRD-K98572433	AZD-8931	observed_thp1	13	8	5	1	0	0.6153846153846154	0.0769230769230769	2.8408791781112086	1.0874208348492782	0.0309198753667983	12	1	1.0	not annotated	not annotated	not annotated	not annotated		128	12.0	7.0	0.5833333333333334	1.0	12.0	False	True	False	replicated_inconsistent	0.18758714	0.13837	-0.08245125	-0.15204999	0.08186487	-0.040430967	0.18758714	0.08333333333333333	False	0.25921193	0.8985444247722632	0.5359419941902162	True	True	False	inconsistent_or_high_dose_only
BRD-K95609758	BMS-191011	observed_thp1	13	9	4	1	0	0.6923076923076923	0.0769230769230769	4.600700035691261	1.0804500579833984	-0.3651538514173947	1	1	1.0	Preclinical	potassium channel activator	KCNMA1	not annotated		129	1.0	1.0	1.0	1.0	1.0	True	False	True	unreplicated_single_profile	0.051787492	0.083684996	0.070635	-0.12272499	-0.28959283	-0.26347145	0.083684996	0.0	False	-0.15471637	0.8985444247722632	0.5359419941902162	True	True	True	pass
BRD-K12343256	trametinib	observed_thp1	13	4	9	1	0	0.3076923076923077	0.0769230769230769	2.803306238725781	1.0788176208734512	0.1777835868012446	12	1	1.0	Launched	MEK inhibitor	MAP2K1|MAP2K2	oncology	melanoma	130	12.0	0.0	0.0	-1.0	6.0	False	True	False	replicated_inconsistent	0.42192683	0.20755531	-0.2257901	-0.57507163	0.35753617	0.76235294	0.76235294	0.3333333333333333	False	0.4015175	0.8985444247722632	0.5359419941902162	True	True	False	inconsistent_or_high_dose_only
BRD-K97158071	droperidol	observed_thp1	13	9	4	1	0	0.6923076923076923	0.0769230769230769	2.343279165526231	1.0743791535496712	0.0160141026434034	12	1	1.0	Launched	dopamine receptor antagonist	ADRA1A|DRD2|DRD3|DRD4|HTR2A	gastroenterology	nausea|vomiting	131	12.0	6.0	0.5	0.5	12.0	False	True	False	replicated_inconsistent	0.12328335	0.14515583	-0.10765583	-0.018271526	0.019435126	-0.013396417	0.14515583	0.0	False	-0.028467715	0.8985444247722632	0.5359419941902162	True	True	False	inconsistent_or_high_dose_only
BRD-K65820248	SDZ-NKT-343	observed_thp1	13	8	5	1	0	0.6153846153846154	0.0769230769230769	1.997937478125095	1.068750016391277	-0.1285003224113143	12	1	1.0	Phase 1	tachykinin antagonist	TACR1	not annotated		132	12.0	5.0	0.4166666666666667	0.0	12.0	False	True	False	replicated_inconsistent	-0.009385757	-0.04887833	0.091397084	0.08359165	0.12344584	0.21375299	0.21375299	0.16666666666666666	False	0.27216864	0.8985444247722632	0.5359419941902162	True	True	False	inconsistent_or_high_dose_only
BRD-K66874953	pifithrin-alpha	observed_thp1	13	7	6	1	0	0.5384615384615384	0.0769230769230769	3.750500038266182	1.065150022506714	-0.2275961488485336	1	1	1.0	Preclinical	TP53 inhibitor	TP53	not annotated		133	1.0	1.0	1.0	1.0	1.0	True	False	True	unreplicated_single_profile	-0.13368748	-0.26908502	-0.16243999	0.3581083	0.18932141	0.020078566	0.3581083	0.0	False	-0.11960597	0.8985444247722632	0.5359419941902162	True	True	True	pass
BRD-K68747584	PF-03814735	observed_thp1	13	8	5	1	0	0.6153846153846154	0.0769230769230769	3.3773416524442537	1.0632666751431925	0.0678435846661718	12	1	1.0	Phase 1	Aurora kinase inhibitor	AURKA|AURKB	not annotated		134	12.0	5.0	0.4166666666666667	0.0	12.0	True	True	False	replicated_inconsistent	0.0071819522	-0.08302667	-0.5216767	0.11208334	0.24973929	-0.04798214	0.24973929	0.3333333333333333	True	0.45362914	0.8985444247722632	0.5359419941902162	True	True	False	inconsistent_or_high_dose_only|annotated_cytotoxic_moa
BRD-A86216746	varenicline	observed_thp1	13	6	7	1	0	0.4615384615384615	0.0769230769230769	2.065174979157746	1.0630125105381012	-0.097197433724665	12	1	1.0	Launched	acetylcholine receptor agonist	CHRNA3|CHRNA4|CHRNA6|CHRNA7	neurology/psychiatry	smoking cessation	135	12.0	7.0	0.5833333333333334	1.0	12.0	False	True	False	replicated_inconsistent	0.49282956	0.35967502	0.04434708	0.04317153	0.2535762	-0.17928095	0.49282956	0.16666666666666666	False	-0.08423089	0.8985444247722632	0.5359419941902162	True	True	False	inconsistent_or_high_dose_only
BRD-K05104363	PD-184352	observed_thp1	13	8	5	1	0	0.6153846153846154	0.0769230769230769	2.89039998059161	1.0567749930390469	0.0285134645169959	12	1	1.0	Phase 2	MEK inhibitor	MAP2K1|MAP3K1|MAP3K2	not annotated		136	12.0	7.0	0.5833333333333334	1.0	12.0	False	True	False	replicated_inconsistent	0.28909305	-0.03508084	-0.62131745	-0.3832625	-0.06362143	0.36754525	0.36754525	0.16666666666666666	False	0.41318431	0.8985444247722632	0.5359419941902162	True	True	False	inconsistent_or_high_dose_only
BRD-K90868879	canagliflozin	observed_thp1	13	8	5	1	0	0.6153846153846154	0.0769230769230769	2.16509582909445	1.0547708397110305	-0.0964564132050444	12	1	1.0	Launched	sodium/glucose cotransporter inhibitor	SLC5A1|SLC5A2	endocrinology	diabetes mellitus	137	12.0	4.0	0.3333333333333333	0.0	12.0	False	True	False	replicated_inconsistent	-0.04707639	0.08394	0.050198328	0.12713264	-0.12441489	-0.11086428	0.12713264	0.0	False	0.06302372	0.8985444247722632	0.5359419941902162	True	True	False	inconsistent_or_high_dose_only
BRD-A52530684	doxorubicin	observed_thp1	13	10	3	1	0	0.7692307692307693	0.0769230769230769	4.163439311669208	1.0512984371744096	-0.0912998431415941	16	1	1.0	Launched	topoisomerase inhibitor	TOP2A	hematologic malignancy|oncology	acute lymphoblastic leukemia (ALL)|acute myeloid leukemia (AML)|Wilm's tumor|breast cancer|ovarian cancer|Hodgkin's lymphoma|bladder cancer|multiple myeloma	138	16.0	6.0	0.375	0.0	6.0	False	True	False	replicated_inconsistent	0.5768631	0.37534678	0.023627073	-0.3855188	-0.035391524	-0.028068736	0.5768631	0.25	True	0.3629497	0.8985444247722632	0.5359419941902162	True	True	False	inconsistent_or_high_dose_only|annotated_cytotoxic_moa
BRD-K38287497	narlaprevir	observed_thp1	13	7	6	1	0	0.5384615384615384	0.0769230769230769	2.624716677702964	1.0492666761080425	-0.0195717937850321	6	1	1.0	Phase 3	HCV inhibitor	not annotated	not annotated		139	6.0	4.0	0.6666666666666666	1.0	6.0	True	True	True	replicated_consistent	0.33085832	0.33469	0.18681665	-0.20496392	0.43899286	0.017588085	0.43899286	0.3333333333333333	False	-0.060456853	0.8985444247722632	0.5359419941902162	True	True	True	pass
BRD-K91308639	ARN-509	observed_thp1	13	6	7	1	0	0.4615384615384615	0.0769230769230769	2.752416675289472	1.0487999990582466	-0.2138833336245555	6	1	1.0	not annotated	not annotated	not annotated	not annotated		140	6.0	2.0	0.3333333333333333	0.0	6.0	False	True	False	replicated_inconsistent	-0.17437221	-0.081983335	0.002085002	-0.07779445	-0.14799286	-0.053095225	0.002085002	0.0	False	-0.09568416	0.8985444247722632	0.5359419941902162	True	True	False	inconsistent_or_high_dose_only
BRD-K41160163	fenobam	observed_thp1	13	6	7	1	0	0.4615384615384615	0.0769230769230769	1.655500043804447	1.0483333468437197	0.1038525647077804	6	1	1.0	Phase 2	glutamate receptor antagonist	GRM5	not annotated		141	6.0	1.0	0.16666666666666666	-0.5	6.0	True	True	False	replicated_inconsistent	0.4498903	0.41336834	-0.1496267	0.84663326	0.38819525	0.046266645	0.84663326	0.5	False	0.1754428	0.8985444247722632	0.5359419941902162	True	True	False	inconsistent_or_high_dose_only
BRD-K79259477	NVP-BHG712	observed_thp1	13	6	7	1	0	0.4615384615384615	0.0769230769230769	3.0769999970992403	1.0419750312964122	0.2109788472119432	6	1	1.0	Preclinical	ephrin inhibitor	EPHB4	not annotated		142	6.0	1.0	0.16666666666666666	-1.0	6.0	False	True	False	replicated_inconsistent	0.45574722	0.21908666	-0.28832915	-0.18741946	-0.2853274	0.4581786	0.4581786	0.16666666666666666	False	0.31372926	0.8985444247722632	0.5359419941902162	True	True	False	inconsistent_or_high_dose_only
BRD-A12083771	BRD-A12083771	observed_thp1	13	7	6	1	0	0.5384615384615384	0.0769230769230769	4.68259996175766	1.0386500358581543	0.2090961589263035	1	1	1.0	not annotated	not annotated	not annotated	not annotated		143	1.0	1.0	1.0	1.0	1.0	True	False	True	unreplicated_single_profile	-0.3241792	-0.35252005	-0.30718502	-0.13005833	-0.015599996	-0.028750006	-0.015599996	0.0	False	-0.27503496	0.8985444247722632	0.5359419941902162	True	True	True	pass
BRD-K58211978	roxithromycin	observed_thp1	13	7	6	1	0	0.5384615384615384	0.0769230769230769	3.209766701174279	1.036166658625007	-0.2063705192592281	6	1	1.0	Launched	bacterial 50S ribosomal subunit inhibitor	MLNR	infectious disease	respiratory tract infections|urinary tract infections|skin infections	144	6.0	3.0	0.5	1.0	6.0	False	True	False	replicated_inconsistent	0.1498014	0.035721663	-0.03956332	0.10447223	0.4325976	0.028626183	0.4325976	0.16666666666666666	False	0.31528232	0.8985444247722632	0.5359419941902162	True	True	False	inconsistent_or_high_dose_only
BRD-K98404142	BRD-K98404142	observed_thp1	13	8	5	1	0	0.6153846153846154	0.0769230769230769	4.575099930167198	1.0325000286102295	-0.0179346054792404	1	1	1.0	not annotated	not annotated	not annotated	not annotated		145	1.0	1.0	1.0	1.0	1.0	True	False	True	unreplicated_single_profile	0.11154168	0.15151997	-0.05314002	0.49650836	0.41570714	-0.3210643	0.49650836	0.0	False	0.04789154	0.8985444247722632	0.5359419941902162	True	True	True	pass
BRD-K40758391	BRD-K40758391	observed_thp1	13	4	9	1	0	0.3076923076923077	0.0769230769230769	2.4314500093460083	1.0319000482559204	-0.0019230722234799	1	1	1.0	not annotated	not annotated	not annotated	not annotated		146	1.0	1.0	1.0	1.0	1.0	True	False	True	unreplicated_single_profile	-0.12872085	-0.16455498	-0.477755	-0.024708325	-0.5015571	-0.08504286	-0.024708325	0.0	False	-0.072626434	0.8985444247722632	0.5359419941902162	True	True	True	pass
BRD-A04352665	maraviroc	observed_thp1	13	6	7	1	0	0.4615384615384615	0.0769230769230769	1.9773346644181469	1.0314346081935442	-0.0607325417671928	13	1	1.0	Launched	CC chemokine receptor antagonist	CCR5	infectious disease	human immunodeficiency virus (HIV-1)	147	13.0	4.0	0.3076923076923077	-1.0	12.0	False	True	False	replicated_inconsistent	0.014863147	-0.04049885	-0.11155078	-0.024676928	-0.040118143	-0.04224123	0.014863147	0.07692307692307693	False	-0.008540575	0.8985444247722632	0.5359419941902162	True	True	False	inconsistent_or_high_dose_only
BRD-K85140930	aphidicolin	observed_thp1	13	8	5	1	0	0.6153846153846154	0.0769230769230769	4.188249995311101	1.0307499853273232	-0.0461108942444507	6	1	1.0	Phase 1	RNA synthesis inhibitor	not annotated	not annotated		148	6.0	4.0	0.6666666666666666	2.0	6.0	True	True	True	replicated_consistent	1.120348	0.7394092	0.19233668	0.20211391	-0.17568928	0.6670976	1.120348	0.5	True	0.2073704	0.8985444247722632	0.5359419941902162	False	True	False	annotated_cytotoxic_moa|high_stress_module_score
BRD-K60585088	paricalcitol	observed_thp1	13	8	5	1	0	0.6153846153846154	0.0769230769230769	3.869266737252473	1.0301666756470995	0.1265602578791096	6	1	1.0	Launched	vitamin D receptor agonist	VDR	nephrology|endocrinology	chronic kidney disease (CKD)|hyperthyroidism	149	6.0	5.0	0.8333333333333334	1.0	6.0	True	True	True	replicated_consistent	0.9418042	0.68777496	0.54773664	-0.494475	1.0440239	0.32010955	1.0440239	0.8333333333333334	False	0.12743731	0.8985444247722632	0.5359419941902162	False	True	False	high_stress_module_score
BRD-A92800748	BRD-A92800748	observed_thp1	13	5	8	1	0	0.3846153846153846	0.0769230769230769	2.6513333233694234	1.0297916531562803	-0.2233358987439901	6	1	1.0	not annotated	not annotated	not annotated	not annotated		150	6.0	2.0	0.3333333333333333	0.0	6.0	False	True	False	replicated_inconsistent	0.11931252	-0.21285333	-0.16959584	0.3769153	0.34726548	0.10006788	0.3769153	0.5	False	-0.5785467	0.8985444247722632	0.5359419941902162	True	True	False	inconsistent_or_high_dose_only
BRD-K65781196	avanafil	observed_thp1	13	6	7	1	0	0.4615384615384615	0.0769230769230769	3.6806458724895488	1.0255166826148827	-0.1893506418310631	12	1	1.0	Launched	phosphodiesterase inhibitor	PDE5A	urology	erectile dysfunction	151	12.0	5.0	0.4166666666666667	0.0	12.0	False	True	False	replicated_inconsistent	0.22270347	0.27601585	-0.036077917	0.16638541	0.2742494	0.05394703	0.27601585	0.3333333333333333	False	-0.24199377	0.8985444247722632	0.5359419941902162	True	True	False	inconsistent_or_high_dose_only
BRD-K63504947	semaxanib	observed_thp1	13	7	6	1	0	0.5384615384615384	0.0769230769230769	3.0673708319664	1.024637509137392	-0.2427743572908907	12	1	1.0	Phase 3	VEGFR inhibitor	FGFR1|FLT1|KDR|KIT|PDGFRA|PDGFRB|RET	not annotated		152	12.0	4.0	0.3333333333333333	0.0	12.0	True	True	False	replicated_inconsistent	0.13007395	-0.0020083238	0.24574415	0.2401597	0.10881724	0.35740176	0.35740176	0.3333333333333333	False	0.40876076	0.8985444247722632	0.5359419941902162	True	True	False	inconsistent_or_high_dose_only
BRD-A67516570	lafutidine	observed_thp1	13	6	7	1	0	0.4615384615384615	0.0769230769230769	2.565979178994894	1.0170500203967094	-0.193010899838275	12	1	1.0	Launched	histamine receptor antagonist	HRH2	gastroenterology	duodenal ulcer disease|peptic ulcer disease (PUD)	153	12.0	4.0	0.3333333333333333	0.0	12.0	True	True	False	replicated_inconsistent	0.09540799	-0.076922916	0.27677956	0.39432847	0.032004166	0.16866489	0.39432847	0.4166666666666667	False	0.28380603	0.8985444247722632	0.5359419941902162	True	True	False	inconsistent_or_high_dose_only
BRD-A23770159	sirolimus	observed_thp1	13	5	8	1	0	0.3846153846153846	0.0769230769230769	3.7920000851154327	1.0157500505447388	-0.1963192413632686	1	1	1.0	Launched	mTOR inhibitor	FKBP1A|MTOR	transplant|pulmonary	organ rejection|lymphangioleiomyomatosis	154	1.0	1.0	1.0	1.0	1.0	True	False	True	unreplicated_single_profile	-0.3417875	-0.33902997	-0.543315	-0.6476	-0.00862142	-0.25745717	-0.00862142	0.0	False	0.28812224	0.8985444247722632	0.5359419941902162	True	True	True	pass
BRD-A51714012	venlafaxine	observed_thp1	13	7	6	1	0	0.5384615384615384	0.0769230769230769	2.036083295941353	1.0154833296934764	0.2695365404375852	6	1	1.0	Launched	adrenergic inhibitor|norepinephrine reuptake inhibitor|serotonin–norepinephrine reuptake inhibitor (SNRI)	SLC6A2|SLC6A4	neurology/psychiatry	depression|generalized anxiety disorder (GAD)|panic disorders|social anxiety disorder	155	6.0	1.0	0.16666666666666666	-0.5	6.0	False	True	False	replicated_inconsistent	0.38932988	-0.034517493	-0.09811333	0.029008338	-0.24187143	0.59315836	0.59315836	0.0	False	0.10956151	0.8985444247722632	0.5359419941902162	True	True	False	inconsistent_or_high_dose_only
BRD-K21025364	NVP-TAE226	observed_thp1	13	10	3	1	0	0.7692307692307693	0.0769230769230769	3.941993112986287	1.0128557259837787	0.1047791146601622	6	1	1.0	Preclinical	protein tyrosine kinase inhibitor	PTK2	not annotated		156	6.0	4.0	0.6666666666666666	1.0	6.0	False	True	False	replicated_inconsistent	-0.09475545	-0.08528004	-0.46606985	-0.3464314	-0.16575855	0.30861342	0.30861342	0.0	False	0.4069583	0.8985444247722632	0.5359419941902162	True	True	False	inconsistent_or_high_dose_only
BRD-K14109347	LY-2603618	observed_thp1	13	8	5	1	0	0.6153846153846154	0.0769230769230769	3.865541956697901	1.0112533122301102	0.0309647475966276	6	1	1.0	not annotated	not annotated	not annotated	not annotated		157	6.0	2.0	0.3333333333333333	0.0	6.0	False	True	False	replicated_inconsistent	0.7026337	0.55404264	1.2884606	-0.16349086	0.3004479	0.61841923	1.2884606	0.5	False	0.43589458	0.8985444247722632	0.5359419941902162	False	True	False	inconsistent_or_high_dose_only|high_stress_module_score
BRD-K61036791	rucinol	observed_thp1	13	3	10	1	0	0.2307692307692307	0.0769230769230769	2.059933335830768	1.0048666583995025	0.1611371783521742	6	1	1.0	Phase 1	tyrosinase inhibitor	TYR	not annotated		158	6.0	1.0	0.16666666666666666	-1.0	6.0	False	True	False	replicated_inconsistent	0.45289028	0.40296838	0.23126167	0.35915557	0.48281193	-0.2688143	0.48281193	0.3333333333333333	False	0.22558498	0.8985444247722632	0.5359419941902162	True	True	False	inconsistent_or_high_dose_only
BRD-A70155556	lovastatin	observed_thp1	13	7	6	1	0	0.5384615384615384	0.0769230769230769	2.7170499563217163	1.0018999576568604	-0.0406500026583671	1	1	1.0	Launched	HMGCR inhibitor	HDAC2|HMGCR|ITGAL|NR1I2	cardiology|endocrinology	coronary heart disease|myocardial infarction|hypercholesterolemia	159	1.0	1.0	1.0	1.0	1.0	True	False	True	unreplicated_single_profile	0.17895834	-0.065015	0.33337998	0.1802	0.10106429	-0.12848571	0.33337998	0.0	False	0.06437362	0.8985444247722632	0.5359419941902162	True	True	True	pass
